CSID	EID	synonym
CS1	C214	acetate
CS2	C215	acetic acid
CS3	C2776	acetaldehyde
CS4	C170	3-hydroxy-2-butanone
CS5	C170	3-hydroxybutan-2-one
CS6	C170	acetoin
CS7	C2780	acetone
CS8	C298	benzaldehyde
CS9	C3196	benzene
CS10	C3201	benzoic acid
CS11	C302	benzyl alcohol
CS12	C3516	butanal
CS13	C1369	1-butanol
CS14	C1369	butan-1-ol
CS15	C1369	butanol
CS16	C3544	butyric acid
CS17	C454	coumarin
CS18	C459	cumin alcohol
CS19	C459	cuminol
CS20	C459	cuminyl alcohol
CS21	C459	p-cymen-7-ol
CS22	C459	p-cymene-7-ol
CS23	C460	cumin aldehyde
CS24	C460	cuminal
CS25	C460	cuminaldehyde
CS26	C460	p-isopropyl benzaldehyde
CS27	C1806	2-methoxy-4-vinylphenol
CS28	C1806	4-hydroxy-3-methoxystyrene
CS29	C1806	4-vinyl-2-methoxyphenol
CS30	C1806	4-vinylguaiacol
CS31	C1806	p-vinylguaiacol
CS32	C1878	2-methylphenol
CS33	C1878	o-cresol
CS34	C6299	salicylic acid
CS35	C717	m-cresol
CS36	C5683	n-octane
CS37	C5683	octane
CS38	C3635	caprylic acid
CS39	C3635	octanoic acid
CS40	C6959	n-octanal
CS41	C6959	octanal
CS42	C1811	2-methoxyphenol
CS43	C1811	guaiacol
CS44	C1811	guaicol
CS45	C1811	o-guaiacol
CS46	C4251	dibenzofuran
CS47	C4246	diacetyl
CS48	C4292	dihydrocoumarin
CS49	C4321	dimethyl sulfoxide
CS50	C2807	alcohol
CS51	C2807	alcohols
CS52	C2807	ethanol
CS53	C4637	formamide
CS54	C4954	hydroquinone
CS55	C119	1-h-indole
CS56	C119	indole
CS57	C5415	methanethiol
CS58	C6933	naphthalene
CS59	C6933	napthalene
CS60	C123	1-octanol
CS61	C123	n-octanol
CS62	C123	octanol
CS63	C123	octyl alcohol
CS64	C4875	hexadecanal
CS65	C4875	palmitic aldehyde
CS66	C627	hexadecanoic acid
CS67	C627	n-hexadecanoic acid
CS68	C627	palmitic acid
CS69	C6147	phenanthrene
CS70	C6150	phenol
CS71	C1929	2-phenylacetaldehyde
CS72	C1929	alpha-tolualdehyde
CS73	C1929	benzenacetaldehyde
CS74	C1929	phenyl acetaldehyde
CS75	C1929	Phenylacetaldehyde
CS76	C6160	phenyl acetic acid
CS77	C1471	1-propanol
CS78	C1471	propan-1-ol
CS79	C1471	propanol
CS80	C6237	propanoic acid
CS81	C6267	pyridine
CS82	C4320	dimethyl sulfide
CS83	C6571	toluene
CS84	C6850	vanillin
CS85	C720	menthol
CS86	C720	neomenthol
CS87	C6134	perillic acid
CS88	C2783	acetovanillone
CS89	C303	benzyl benzoate
CS90	C3222	benzyl isothiocyanate
CS91	C311	bergapten
CS92	C378	camphor
CS93	C117	1-hexadecanol
CS94	C117	hexadecanol
CS95	C117	n-hexadecanol
CS96	C1604	1.8-cineole
CS97	C1604	cajeputol
CS98	C1604	cineol
CS99	C1604	cineole
CS100	C1604	eucalyptol
CS101	C2429	4-methylphenol
CS102	C2429	p-cresol
CS103	C2429	p-tolyl alcohol
CS104	C3634	capric acid
CS105	C3634	decanoic acid
CS106	C3537	butyl phthalate
CS107	C3537	dibutyl phthalate
CS108	C3203	benzophenone
CS109	C557	eugenol
CS110	C557	p-eugenol
CS111	C612	guaiazulene
CS112	C3416	beta-thujaplicin
CS113	C3416	beta-thujaplicine
CS114	C5177	isopropanol
CS115	C5177	isopropyl alcohol
CS116	C5177	propan-2-ol
CS117	C513	dodecanoic acid
CS118	C513	lauric acid
CS119	C741	methyl salicylate
CS120	C751	myristicin
CS121	C5912	p-benzoquinone
CS122	C6296	safrol
CS123	C6296	safrole
CS124	C6975	octadecanoic acid
CS125	C6975	stearic acid
CS126	C6791	tribromomethane
CS127	C155	2-phenethyl alcohol
CS128	C155	2-phenylethanol
CS129	C155	2-phenylethyl alcohol
CS130	C155	phenethyl alcohol
CS131	C155	phenyl ethyl alcohol
CS132	C155	phenylethyl alcohol
CS133	C633	hexanal
CS134	C633	n-hexanal
CS135	C1458	1-pentanol
CS136	C1458	amyl alcohol
CS137	C1458	pentan-1-ol
CS138	C1458	pentanol
CS139	C1815	2-methyl-2-butanol
CS140	C362	bornyl acetate
CS141	C362	endo-bornyl acetate
CS142	C707	linalyl isobutyrate
CS143	C2978	alpha-isophorone
CS144	C2978	isophorone
CS145	C6512	tetrahydrolinalool
CS146	C5311	linalol
CS147	C5311	linalool
CS148	C5311	linalyl alcohol
CS149	C1814	2-methyl-1-propanol
CS150	C1814	2-methylpropan-1-ol
CS151	C1814	isobutanol
CS152	C1879	2-methylpropanal
CS153	C1879	isobutanal
CS154	C137	2-butanol
CS155	C137	butan-2-ol
CS156	C1714	2-butanone
CS157	C1714	butan-2-one
CS158	C2140	3-buten-2-one
CS159	C6793	triclene
CS160	C727	methyl acetate
CS161	C1880	2-methylpropanoic acid
CS162	C1880	isobutyric acid
CS163	C376	camphene
CS164	C2849	alpha-pinene
CS165	C2849	alpha pinene
CS166	C2774	acenaphthene
CS167	C5613	musk ambrette
CS168	C5062	isobutyl phthalate
CS169	C4318	dimethyl anthranilate
CS170	C5814	o-cumenol
CS171	C340	beta-guaiene
CS172	C340	guaiene
CS173	C5410	menthyl salicylate
CS174	C677	iso-menthone
CS175	C677	isomenthone
CS176	C5174	isopiperitone
CS177	C5174	piperitone
CS178	C7038	pulegone
CS179	C5930	p-cymen-3-ol
CS180	C5930	thymol
CS181	C1758	2-ethylphenol
CS182	C6298	salicyladehyde
CS183	C6298	salicylaldehyde
CS184	C5551	methyl naphthalene
CS185	C1432	1-naphthalenol
CS186	C5521	methyl guaiacol
CS187	C5521	veratrol
CS188	C5521	veratrole
CS189	C4150	decahydronaphthalene
CS190	C7039	quinoline
CS191	C1872	2-methylnaphthalene
CS192	C4107	cyclohexyl cyclohexane
CS193	C3472	biphenyl
CS194	C6516	thianthrene
CS195	C4591	eugenol methyl ether
CS196	C4591	methyl eugenol
CS197	C4591	methyleugenol
CS198	C5539	methyl isoeugenol
CS199	C2777	aceteugenol
CS200	C2777	acetyl eugenol
CS201	C2777	eugenol acetate
CS202	C2777	eugenyl acetate
CS203	C1805	2-methoxy-4-methylphenol
CS204	C1805	2-methoxy-p-cresol
CS205	C1805	4-methylguaiacol
CS206	C1805	p-methylguaiacol
CS207	C1470	1-phenylpropanol
CS208	C6239	propiophenone
CS209	C730	methyl benzoate
CS210	C4562	ethylbenzoate
CS211	C3206	Benzoyl acetone
CS212	C4563	ethylbenzoylacetate
CS213	C5013	isoamyl benzoate
CS214	C1939	2-phenylethylbenzoate
CS215	C3205	benzothiazole
CS216	C5824	o-xylene
CS217	C1843	2-methylbutanal
CS218	C2268	3-pentanone
CS219	C733	methyl cyclopentane
CS220	C4665	gamma-butyrolactone
CS221	C3673	carvyl acetate
CS222	C4532	ethyl isobutyrate
CS223	C4534	ethyl lactate
CS224	C5059	isobutyl isobutyrate
CS225	C5059	isobutylisobutyrate
CS226	C5070	isobutylmethacrylate
CS227	C3532	butyl isobutyrate
CS228	C1760	2-furanmethanol
CS229	C1760	2-furfuryl alcohol
CS230	C1760	furfuryl alcohol
CS231	C1759	2-formylfuran
CS232	C1759	2-furfural
CS233	C1759	furfural
CS234	C4068	cumene
CS235	C4068	cumol
CS236	C126	1-phenylethanol
CS237	C126	styrallyl alcohol
CS238	C2782	acetophenone
CS239	C4103	cyclohexanecarboxylic acid
CS240	C6517	thiobenzoic acid
CS241	C385	carveol
CS242	C386	carvone
CS243	C5465	methyl-p-hydroxybenzoate
CS244	C5465	methyl 4-hydroxybenzoate
CS245	C2848	alpha-phellandrene
CS246	C4697	gamma-terpinen
CS247	C4697	gamma-terpinene
CS248	C3035	alpha-terpinen
CS249	C3035	alpha-terpinene
CS250	C4118	cymene
CS251	C4118	cymol
CS252	C4118	p-cymene
CS253	C4118	p-cymol
CS254	C4118	para-cymene
CS255	C183	4-isopropyl phenol
CS256	C183	4-isopropylphenol
CS257	C183	p-cumenol
CS258	C183	p-isopropyl phenol
CS259	C2394	4-methoxy acetophenone
CS260	C2394	4-methoxyacetophenone
CS261	C2394	linarodin
CS262	C2394	p-methoxy acetophenone
CS263	C2394	p-methoxyacetophenone
CS264	C3123	anisic acid
CS265	C4522	ethyl benzene
CS266	C4522	ethylbenzene
CS267	C6450	styrene
CS268	C6450	vinylbenzene
CS269	C3202	benzonitrile
CS270	C3125	anisole
CS271	C3125	methyl phenyl ether
CS272	C5567	methyl phenylacetate
CS273	C3473	biphenyl oxide
CS274	C1927	2-phenyl ethyl acetate
CS275	C1927	ethyl-2-phenylacetate
CS276	C1927	ethyl 2-phenylacetate
CS277	C1927	ethyl phenylacetate
CS278	C5025	isoamyl phenylacetate
CS279	C1904	2-octylacetate
CS280	C5447	methyl-3-phenylpropionate
CS281	C5447	methyl hydrocinnamate
CS282	C3221	benzyl isobutyrate
CS283	C3213	benzyl butanoate
CS284	C3213	benzyl butyrate
CS285	C305	benzyl isovalerate
CS286	C157	2-phenylethylacetate
CS287	C157	beta-phenethyl acetate
CS288	C5689	n-propyl benzene
CS289	C5689	propylbenzene
CS290	C5496	methyl anisole
CS291	C2402	4-methoxyphenylacetic acid
CS292	C1422	1-methoxy-4-propylbenzene
CS293	C1422	dihydroanethole
CS294	C1422	p-propylanisole
CS295	C4691	gamma-octalactone
CS296	C5654	n-butylbenzene
CS297	C177	3-phenylpropanal
CS298	C177	benzenepropanal
CS299	C3219	benzyl formate
CS300	C4690	gamma-nonalactone
CS301	C4706	gamma-undecalactone
CS302	C4157	decylbenzene
CS303	C1741	2-ethyl-1-hexanol
CS304	C1741	2-ethylhexanol
CS305	C2415	4-methylbenzaldehyde
CS306	C2415	p-tolualdehyde
CS307	C2415	p-tolylaldehyde
CS308	C5921	p-cresyl methyl ether
CS309	C5921	p-methyl anisole
CS310	C5949	p-diethylbenzene
CS311	C1813	2-methyl-1-pentanol
CS312	C4545	ethyl propanoate
CS313	C4545	ethyl propionate
CS314	C2249	3-methylvaleric acid
CS315	C4255	diethyl malonate
CS316	C4565	ethylbutyrate
CS317	C6245	propyl butyrate
CS318	C2231	3-methylbutyl propanoate
CS319	C2231	isoamyl propanoate
CS320	C2231	isoamyl propionate
CS321	C1881	2-methylpropyl hexanoate
CS322	C1881	isobutyl hexanoate
CS323	C4041	citronellyl formate
CS324	C4291	dihydrocitronellol
CS325	C447	citronellal
CS326	C2225	3-methylbutyl butyrate
CS327	C2225	isoamyl butanoate
CS328	C2225	isoamyl butyrate
CS329	C2225	isopentyl butyrate
CS330	C4529	ethyl heptanoate
CS331	C4541	ethyl octanoate
CS332	C539	ethyl dodecanoate
CS333	C167	3-heptanone
CS334	C6076	p-xylene
CS335	C192	5-methyl-3-heptanone
CS336	C5531	methyl hexanoate
CS337	C5524	methyl heptanoate
CS338	C1910	2-pentanal
CS339	C1910	2-pentanone
CS340	C1910	pentan-2-one
CS341	C5535	methyl isobutyl ketone
CS342	C5378	m-xylene
CS343	C544	ethyl isopentanoate
CS344	C544	ethyl isovalerate
CS345	C724	mesitylene
CS346	C5591	methylcyclohexane
CS347	C2430	4-methylpyridine
CS348	C4105	cyclohexanol
CS349	C467	cyclohexanone
CS350	C5574	methyl pyrazine
CS351	C3534	butyl isovalerate
CS352	C3526	butyl butyrate
CS353	C1692	16-hexadecanolide
CS354	C1692	cyclohexadecanolide
CS355	C7004	pentanoic acid
CS356	C7004	valeric acid
CS357	C6254	propylacetate
CS358	C5687	n-pentane
CS359	C5687	pentane
CS360	C4527	ethyl formate
CS361	C6511	tetrahydrofuran
CS362	C2513	5-methyl-2-hexanone
CS363	C5191	isopropyl myristate
CS364	C5191	isopropyl tetradecanoate
CS365	C538	ethyl decanoate
CS366	C5509	methyl decanoate
CS367	C1767	2-heptanone
CS368	C1767	heptan-2-one
CS369	C5018	isoamyl formate
CS370	C5672	n-hexane
CS371	C6104	pentanal
CS372	C6104	valeraldehyde
CS373	C4526	ethyl disulphide
CS374	C466	cyclohexane
CS375	C739	methyl octanoate
CS376	C153	2-octanone
CS377	C4853	heptanoic acid
CS378	C1409	1-hexanol
CS379	C1409	hexan-1-ol
CS380	C1409	hexanol
CS381	C1409	n-hexanol
CS382	C4540	ethyl octadecanoate
CS383	C1450	1-octene
CS384	C1407	1-heptanol
CS385	C1407	heptan-1-ol
CS386	C1407	heptanol
CS387	C1407	n-heptanol
CS388	C624	heptanal
CS389	C624	n-heptanal
CS390	C5511	methyl dodecanoate
CS391	C5676	n-nonane
CS392	C5676	nonane
CS393	C5855	octanethiol
CS394	C5789	nonanoic acid
CS395	C4860	heptyl acetate
CS396	C162	2-undecanone
CS397	C162	undecanone
CS398	C1453	1-octyl acetate
CS399	C1453	acetic acid octyl ester
CS400	C1453	octanol acetate
CS401	C1453	octyl acetate
CS402	C4154	decyl acetate
CS403	C4154	decylacetate
CS404	C476	decanol
CS405	C476	n-decanol
CS406	C473	decanal
CS407	C473	n-decanal
CS408	C5875	octyl formate
CS409	C6807	undecanoic acid
CS410	C5529	methyl hexadecanoate
CS411	C5529	methyl palmitate
CS412	C512	dodecane
CS413	C512	n-dodecane
CS414	C4349	dodecene
CS415	C4349	dodecene-1
CS416	C7152	undecanol
CS417	C7150	undecanal
CS418	C1385	1-dodecanol
CS419	C1385	dodecanol
CS420	C1385	n-dodecanol
CS421	C511	dodecanal
CS422	C5559	methyl octadecanoate
CS423	C4352	dodecyl acetate
CS424	C4352	lauryl acetate
CS425	C5695	n-tridecanol
CS426	C5695	tridecanol
CS427	C1483	1-tetradecanol
CS428	C1483	n-tetradecanol
CS429	C1483	tetradecanol
CS430	C3190	behenic acid
CS431	C1442	1-octadecane
CS432	C1442	1-octadecene
CS433	C1442	octadecene
CS434	C1443	1-octadecanol
CS435	C1443	n-octadecanol
CS436	C1443	octadecanol
CS437	C517	eicosane
CS438	C517	n-eicosane
CS439	C1823	2-methyl-3-buten-2-ol
CS440	C1823	2-methyl-3-butene-2-ol
CS441	C5315	linalool acetate
CS442	C5315	linalyl acetate
CS443	C1860	2-methylbutyrate
CS444	C1860	2-methylbutyric acid
CS445	C4329	dioctyl phthalate
CS446	C307	benzyl salicylate
CS447	C4547	ethyl salicylate
CS448	C5380	maltol
CS449	C3127	anthracene
CS450	C6853	veratraldehyde
CS451	C4499	ethyl-4-hydroxybenzoate
CS452	C6209	piperonal
CS453	C5464	methyl-p-anisate
CS454	C5464	methyl anisate
CS455	C2414	4-methylacetophenone
CS456	C2414	p-methyl acetophenone
CS457	C729	methyl anthranilate
CS458	C1752	2-ethylhexanoic acid
CS459	C365	butyl benzoate
CS460	C1842	2-methylbutan-1-ol
CS461	C1842	2-methylbutanol
CS462	C933	(E)-beta-terpineol
CS463	C933	(Z)-beta-terpineol
CS464	C933	beta-terpineol
CS465	C933	cis-beta-terpineol
CS466	C933	trans-beta-terpineol
CS467	C3211	benzyl acetate
CS468	C3217	benzyl dodecanoate
CS469	C3216	benzyl cyanide
CS470	C3216	phenyl acetonitrile
CS471	C3216	phenylacetonitrile
CS472	C6071	p-tolyl acetate
CS473	C3773	chavicol methyl ether
CS474	C3773	estragole
CS475	C3773	methyl chavicol
CS476	C3773	methylchavicol
CS477	C4042	citronellyl propionate
CS478	C451	citronellyl butyrate
CS479	C3292	beta-citronellol
CS480	C3292	citronellol
CS481	C4521	ethyl acetate
CS482	C2410	4-methyl-3-penten-2-one
CS483	C634	hexanoic acid
CS484	C4851	heptane
CS485	C4851	n-heptane
CS486	C5187	isopropyl hexadecanoate
CS487	C637	hexyl acetate
CS488	C1437	1-nonanol
CS489	C1437	n-nonanol
CS490	C1437	nonanol
CS491	C5795	nonyl acetate
CS492	C2722	9-octadecenol
CS493	C5823	o-vanillin
CS494	C2182	3-methoxyphenol
CS495	C2401	4-methoxyphenol
CS496	C450	citronellyl acetate
CS497	C2775	acenaphthylene
CS498	C3200	benzofuran
CS499	C297	azulene
CS500	C6266	pyrazine
CS501	C4097	cyclododecane
CS502	C6125	perfluorotributylamine
CS503	C6856	verbanol
CS504	C200	6-methyl-5-hepten-2-one
CS505	C200	6-methyl-hept-5-en-2-one
CS506	C329	beta-cyclocitral
CS507	C329	cyclocitral
CS508	C2648	7-tridecanone
CS509	C3504	bornylene
CS510	C833	(-)-alpha-selinene
CS511	C6274	retene
CS512	C4191	delta-amorphene
CS513	C366	cadalene
CS514	C5889	osthol
CS515	C5889	osthole
CS516	C505	dill apiole
CS517	C505	dillapiol
CS518	C505	dillapiole
CS519	C518	elemicin
CS520	C518	elemicine
CS521	C7095	thymoquinone
CS522	C2159	3-furfural
CS523	C3657	carvenone
CS524	C3657	p-menth-3-en-2-one
CS525	C384	carvacrol
CS526	C384	isothymol
CS527	C384	p-cymene-2-ol
CS528	C2267	3-p-menthene
CS529	C2267	p-menth-3-ene
CS530	C2380	4-hydroxyphenethyl alcohol
CS531	C448	citronellic acid
CS532	C631	hexahydrofarnesyl acetone
CS533	C631	hexahydrofarnesylacetone
CS534	C631	phytone
CS535	C4111	cyclopentadecanone
CS536	C2221	3-methylbutanoic acid
CS537	C2221	3-methylbutyric acid
CS538	C2221	isovaleric acid
CS539	C6177	phorone
CS540	C5744	neophytadiene
CS541	C5155	isophytol
CS542	C1780	2-hexen-1-al
CS543	C1780	hexenal
CS544	C4846	heptadecanoic acid
CS545	C3144	arachidic acid
CS546	C6502	tetracosanol
CS547	C3178	ascaridol
CS548	C3178	ascaridole
CS549	C3178	cis-ascaridole
CS550	C5205	isothujol
CS551	C5205	thujanol
CS552	C5205	thujol
CS553	C5205	thujyl alcohol
CS554	C1958	2-pinen-10-ol
CS555	C1958	myrtenol
CS556	C3236	beta-cadinene
CS557	C3120	angelicin
CS558	C286	apiole
CS559	C286	parsley apiole
CS560	C6804	trimethylbenzene
CS561	C6982	o-cymene
CS562	C403	chamazulene
CS563	C6322	santene
CS564	C1838	2-methylbenzaldehyde
CS565	C1838	o-tolualdehyde
CS566	C4870	herniarine
CS567	C1866	2-methylfuran
CS568	C1866	methyl furan
CS569	C1424	1-methyl-3-(1-methylethyl)-benzene
CS570	C1424	beta-cymene
CS571	C1424	m-cymene
CS572	C4293	dihydrocuminyl alcohol
CS573	C4293	perilla alcohol
CS574	C4293	perillyl alcohol
CS575	C6113	pentyl benzene
CS576	C4553	ethyl valerate
CS577	C5065	isobutylbutyrate
CS578	C3104	amyl hexanoate
CS579	C3104	pentyl hexanoate
CS580	C6115	pentyl butyrate
CS581	C2193	3-methyl-2-butenoic acid
CS582	C5612	muscone
CS583	C6508	tetrahydro-2h-pyran-2-one
CS584	C750	myrcenol
CS585	C143	2-heptanol
CS586	C143	heptan-2-ol
CS587	C5023	isoamyl nitrate
CS588	C4871	hex-3-en-1-ol
CS589	C465	cycloheptatriene
CS590	C5638	myristic acid
CS591	C5638	tetradecanoic acid
CS592	C626	hexadecane
CS593	C626	n-hexadecane
CS594	C4356	dotriacontane
CS595	C2283	3-thujanone
CS596	C1029	(E)-pinocamphone
CS597	C1029	pinocamphone
CS598	C1029	trans-pinocamphone
CS599	C5536	methyl isobutyrate
CS600	C5570	methyl propanoate
CS601	C5570	methyl propionate
CS602	C3426	beta-phellandrene
CS603	C738	methyl isovalerate
CS604	C2190	3-methyl-2-buten-1-ol
CS605	C2190	3-methyl-2-butenol
CS606	C2190	prenol
CS607	C188	4-terpineol
CS608	C188	terpin-4-ol
CS609	C188	terpinen-4-ol
CS610	C188	terpinene-4-ol
CS611	C188	terpineol-4
CS612	C2199	3-methyl-2-pentanol
CS613	C1877	2-methylpentan-3-one
CS614	C4326	dimethylnaphthalene
CS615	C2133	3-acetylanisole
CS616	C2133	3-methoxyacetophenone
CS617	C3067	alpha-terpinolene
CS618	C3067	delta-terpinene
CS619	C3067	terpinolen
CS620	C3067	terpinolene
CS621	C582	gamma-terpineol
CS622	C1482	1-terpineol
CS623	C1482	terpinen-1-ol
CS624	C2217	3-methylbenzyl alcohol
CS625	C4331	diphenylamine
CS626	C6063	p-methylbenzyl alcohol
CS627	C2239	3-methylhexane
CS628	C2244	3-methylpentan-1-ol
CS629	C2244	3-methylpentanol
CS630	C2162	3-hexanone
CS631	C2365	4-heptanol
CS632	C5069	isobutylisovalerate
CS633	C3536	butyl octanoate
CS634	C2238	3-methylheptane
CS635	C2160	3-heptanol
CS636	C174	3-octanol
CS637	C174	octan-3-ol
CS638	C174	octanol-3
CS639	C3539	butyl propionate
CS640	C2209	3-methyl-butanal
CS641	C2209	3-methylbutanal
CS642	C2209	isopentanal
CS643	C2209	isovaleraldehyde
CS644	C2210	3-methyl-cyclohexanone
CS645	C2210	3-methylcyclohexanone
CS646	C1869	2-methylhexane
CS647	C1777	2-hexanal
CS648	C1777	2-hexanone
CS649	C1777	hexan-2-one
CS650	C1867	2-methylheptane
CS651	C4248	diallyl sulfide
CS652	C160	2-tridecanone
CS653	C160	tridecan-2-one
CS654	C5681	n-octadecane
CS655	C5681	octadecane
CS656	C619	heptacosane
CS657	C619	n-heptacosane
CS658	C2139	3-buten-2-ol
CS659	C2189	3-methyl-2-butanol
CS660	C5485	methyl 2-furoate
CS661	C5485	methyl furoate
CS662	C4090	cyanophenol
CS663	C1709	2-aminoacetophenone
CS664	C4481	ethyl-2-furoate
CS665	C4481	ethyl 2-furoate
CS666	C1460	1-penten-3-ol
CS667	C1460	pent-1-en-3-ol
CS668	C1962	2-pyrrolidinone
CS669	C682	isopropyl isobutyrate
CS670	C4285	dihydrocarveol
CS671	C4285	neodihydrocarveol
CS672	C2511	5-methyl-2-furfural
CS673	C2511	5-methylfurfural
CS674	C1401	1-ethyl-3-methylbenzene
CS675	C2158	3-ethylphenol
CS676	C2216	3-methylbenzaldehyde
CS677	C2216	m-tolualdehyde
CS678	C5212	isovanillin
CS679	C1402	1-ethyl-4-methylbenzene
CS680	C2161	3-hexanol
CS681	C5499	methyl butanoate
CS682	C5499	methyl butyrate
CS683	C5584	methyl valerate
CS684	C2252	3-nonanol
CS685	C3107	amyl propionate
CS686	C4319	dimethyl disulfide
CS687	C151	2-nitroethanol
CS688	C6248	propyl hexanoate
CS689	C3530	butyl hexanoate
CS690	C2423	4-methylpentan-1-ol
CS691	C2423	4-methylpentanol
CS692	C1778	2-hexanol
CS693	C4552	ethyl undecanoate
CS694	C3101	amyl acetate
CS695	C3101	pentyl acetate
CS696	C541	ethyl hexadecanoate
CS697	C541	ethyl palmitate
CS698	C1890	2-nonanol
CS699	C1890	nonan-2-ol
CS700	C4332	dipropyl disulfide
CS701	C4332	propyl disulfide
CS702	C5694	n-tridecane
CS703	C5694	tridecane
CS704	C5691	n-tetradecane
CS705	C5691	tetradecane
CS706	C6969	n-pentadecane
CS707	C6969	pentadecane
CS708	C630	hexadecyl acetate
CS709	C118	1-hexadecene
CS710	C7003	pentadecanol
CS711	C621	heptadecane
CS712	C621	n-heptadecane
CS713	C6957	n-nonadecane
CS714	C6957	nonadecane
CS715	C618	heneicosane
CS716	C618	n-heneicosane
CS717	C4383	eicosanol
CS718	C510	docosane
CS719	C510	n-docosane
CS720	C5686	n-pentacosane
CS721	C5686	pentacosane
CS722	C625	hexacosane
CS723	C625	n-hexacosane
CS724	C5680	n-octacosane
CS725	C5680	octacosane
CS726	C6960	nonacosane
CS727	C4841	hentriacontane
CS728	C4841	untriacontane
CS729	C7148	tritriacontane
CS730	C4892	hexatriacontane
CS731	C6108	pentatriacontane
CS732	C6184	phytan
CS733	C6184	phytane
CS734	C7146	tridecanoic acid
CS735	C752	myristyl acetate
CS736	C752	tetradecyl acetate
CS737	C5842	octadecanal
CS738	C5693	n-tricosane
CS739	C5693	tricosane
CS740	C6790	triacontane
CS741	C2804	ageratochromene
CS742	C2804	precocene ii
CS743	C6249	propyl isobutyrate
CS744	C2277	3-phenylpropionitrile
CS745	C5690	n-tetracosane
CS746	C5690	tetracosane
CS747	C657	isoamyl isovalerate
CS748	C657	isopentyl isovalerate
CS749	C4343	docosanol
CS750	C4705	gamma-thujaplicin
CS751	C138	2-decanone
CS752	C4684	gamma-hexalactone
CS753	C4216	delta-octalactone
CS754	C4204	delta-decalactone
CS755	C4679	gamma-decalactone
CS756	C4206	delta-dodecalactone
CS757	C2202	3-methyl-3-buten-1-ol
CS758	C2202	3-methyl-3-butenol
CS759	C152	2-nonanone
CS760	C152	nonan-2-one
CS761	C127	1-undecene
CS762	C5431	methyl-2-methyl butyrate
CS763	C5431	methyl 2-methylbutanoate
CS764	C1874	2-methylnonane
CS765	C1382	1-decene
CS766	C5376	m-pyrol
CS767	C2566	6-methyl-2-heptanone
CS768	C2146	3-decanone
CS769	C6096	pentadecanoic acid
CS770	C3218	benzyl ethyl ketone
CS771	C2281	3-phenylpyridine
CS772	C1955	2-phenylpyridine
CS773	C6802	tridecylacetate
CS774	C6555	thymol methyl ether
CS775	C641	hexyl octanoate
CS776	C1725	2-decanol
CS777	C4345	dodecanamide
CS778	C6970	n-undecane
CS779	C6970	undecane
CS780	C5513	methyl eicosanoate
CS781	C1484	1-tetradecene
CS782	C1484	tetradecene
CS783	C2234	3-methylcyclopentene
CS784	C2151	3-ethenylpyridine
CS785	C1706	2-acetylpyridine
CS786	C1403	1-ethylnaphthalene
CS787	C3677	caryophylene oxide
CS788	C6223	prenyl acetate
CS789	C1705	2-acetylfuran
CS790	C1705	acetyl furan
CS791	C6393	seudenone
CS792	C1704	2-acetyl-5-methylfuran
CS793	C2965	alpha-fenchone
CS794	C2965	fenchone
CS795	C4117	cymen-8-ol
CS796	C4117	p-cymen-8-ol
CS797	C4117	p-cymene-8-ol
CS798	C4117	p-cymenol
CS799	C4117	para-cymen-8-ol
CS800	C349	beta-pinene
CS801	C349	beta pinene
CS802	C6886	vitamin e
CS803	C4847	heptadecanol
CS804	C342	beta-himachalene
CS805	C342	himachalene
CS806	C2504	5-indanol
CS807	C2148	3-dodecanone
CS808	C1875	2-methyloctadecane
CS809	C1868	2-methylhexadecane
CS810	C2269	3-penten-2-ol
CS811	C1461	1-penten-3-one
CS812	C1412	1-hexen-3-one
CS813	C564	fenchol
CS814	C564	fenchyl alcohol
CS815	C1971	2-undecanol
CS816	C1965	2-tridecanol
CS817	C2580	6-methylheptanol
CS818	C4566	ethylcyclohexane
CS819	C6257	propylcyclohexane
CS820	C1662	13-tridecanolide
CS821	C1662	oxacyclotetradecan-2-one
CS822	C474	decane
CS823	C474	n-decane
CS824	C5555	methyl nonanoate
CS825	C5583	methyl tridecanoate
CS826	C5523	methyl heptadecanoate
CS827	C2520	5-methylhexanal
CS828	C5514	methyl eudesmate
CS829	C4188	delta-9-tetrahydrocannabinol
CS830	C2230	3-methylbutyl octanoate
CS831	C2230	isoamyl octanoate
CS832	C3102	amyl benzoate
CS833	C4250	diallyl trisulfide
CS834	C6127	perilla aldehyde
CS835	C6127	perillal
CS836	C6127	perillaldehyde
CS837	C277	alpha-terpinyl formate
CS838	C172	3-methylbutyl hexanoate
CS839	C172	isoamyl hexanoate
CS840	C6250	propyl methacrylate
CS841	C2242	3-methyloctane
CS842	C5252	l-(-)-menthol
CS843	C1423	1-methoxynaphthalene
CS844	C3661	carvol
CS845	C1947	2-phenylethylisothiocyanate
CS846	C1917	2-pentylpyridine
CS847	C4681	gamma-dodecalactone
CS848	C5188	isopropyl hexanoate
CS849	C6244	propyl benzoate
CS850	C4905	hexyl isobutanoate
CS851	C4905	hexyl isobutyrate
CS852	C2275	3-phenyldodecane
CS853	C1487	1-tridecene
CS854	C1365	1-alpha-terpineol
CS855	C1365	alpha-terpinenol
CS856	C1365	alpha-terpineol
CS857	C1365	p-menth-1-en-8-ol
CS858	C1365	terpineol
CS859	C1447	1-octen-3-yl acetate
CS860	C1447	octenyl acetate
CS861	C2443	4-phenyl-2-butanone
CS862	C2443	4-phenyl-butan-2-one
CS863	C2443	4-phenylbutan-2-one
CS864	C2443	benzyl acetone
CS865	C4898	hexyl butanoate
CS866	C4898	hexyl butyrate
CS867	C1740	2-ethoxybutane
CS868	C1931	2-phenyldodecane
CS869	C2583	6-phenyldodecane
CS870	C2530	5-phenyldodecane
CS871	C2449	4-phenyldodecane
CS872	C7000	pentadecanal
CS873	C2451	4-propylguaiacol
CS874	C2451	dihydroeugenol
CS875	C2840	allyl isovalerate
CS876	C178	3-thujene
CS877	C178	alpha-thujene
CS878	C1749	2-ethyl-m-xylene
CS879	C142	2-heptadecanone
CS880	C142	heptadecan-2-one
CS881	C1750	2-ethylfuran
CS882	C1837	2-methyl octane
CS883	C1837	2-methyloctane
CS884	C173	3-methylthiopropanal
CS885	C173	methional
CS886	C7043	sabinene
CS887	C124	1-octen-3-ol
CS888	C124	1-octene-3-ol
CS889	C124	oct-1-en-3-ol
CS890	C124	octen-3-ol
CS891	C1386	1-eicosene
CS892	C1386	eicosene
CS893	C1950	2-phenylethylmethylether
CS894	C4324	dimethyl trisulfide
CS895	C4324	dimethyl trisulphide
CS896	C1711	2-amylfuran
CS897	C1711	2-Pentyl furan
CS898	C1711	2-pentylfuran
CS899	C1711	2-pentylfurane
CS900	C5572	methyl propyl sulphide
CS901	C1901	2-octanol
CS902	C6501	tetracontane
CS903	C2503	5-hydroxypentanal
CS904	C2841	allyl octanoate
CS905	C1839	2-methylbenzofuran
CS906	C1755	2-ethylhexyl hydrogen phthalate
CS907	C1748	2-ethyl-cyclohexanone
CS908	C1718	2-butylfuran
CS909	C2531	5-phenyltridecane
CS910	C1956	2-phenyltridecane
CS911	C1870	2-methylhexanoic acid
CS912	C199	6-methyl-5-hepten-2-ol
CS913	C1411	1-hexen-3-ol
CS914	C6475	terpinen-4-yl acetate
CS915	C6475	terpinene-4-yl acetate
CS916	C4348	dodecenal
CS917	C5877	octyl hexanoate
CS918	C1408	1-hepten-3-ol
CS919	C4134	damascenine
CS920	C3625	Camphoric acid
CS921	C5192	isopropyl octanoate
CS922	C7023	p-menth-1-ene
CS923	C4368	duraldehyde
CS924	C2211	3-methyl nonane
CS925	C2211	3-methylnonane
CS926	C2433	4-nonanol
CS927	C1290	(Z)-linalool oxide (furanoid)
CS928	C1290	cis-linalool oxide (furanoid)
CS929	C1290	linalool oxide (furanoid)
CS930	C4340	dl-limonene
CS931	C4340	limonene
CS932	C4335	dipropyl trisulfide
CS933	C1911	2-pentanol
CS934	C1911	pentan-2-ol
CS935	C2409	4-methyl-3-heptanone
CS936	C139	2-dodecanone
CS937	C4914	hexyl salicylate
CS938	C639	hexyl hexanoate
CS939	C1406	1-heptadecene
CS940	C1406	heptadecene
CS941	C1406	hexahydroaplotaxene
CS942	C4902	hexyl benzoate
CS943	C4902	n-hexyl benzoate
CS944	C3220	benzyl hexanoate
CS945	C1864	2-methyldecane
CS946	C1885	2-methylundecane
CS947	C5562	methyl pentadecanoate
CS948	C4480	ethyl-2-methyl butyrate
CS949	C4480	ethyl-2-methylbutanoate
CS950	C500	dihydrocarvone
CS951	C4757	geranyltiglate
CS952	C5004	iso-pulegol
CS953	C3531	butyl hydroxyanisole
CS954	C4899	hexyl 2-methyl butyrate
CS955	C4899	hexyl 2-methylbutanoate
CS956	C5185	isopropyl dodecanoate
CS957	C6800	tridecanal
CS958	C2701	9-decen-1-ol
CS959	C2701	9-decenol
CS960	C125	1-pentadecene
CS961	C125	pentadecene
CS962	C1747	2-ethyl-5-methylpyrazine
CS963	C2801	3-carene
CS964	C2801	3-delta-carene
CS965	C2801	car-3-ene
CS966	C2801	delta-3-carene
CS967	C2801	delta3-carene
CS968	C141	2-ethyl-6-methylpyrazine
CS969	C4528	ethyl heptadecanoate
CS970	C1421	1-menthone
CS971	C1421	menthone
CS972	C1421	trans-menthone
CS973	C6514	tetratriacontane
CS974	C316	beta-bisabolol
CS975	C4274	dihydroactindiolide
CS976	C4274	dihydroactinidiolide
CS977	C4274	dihydroactinolide
CS978	C1745	2-ethyl-3-methylpyrazine
CS979	C722	menthyl acetate
CS980	C4500	ethyl-4-hydroxyphenylacetate
CS981	C2422	4-methylnonane
CS982	C375	calarene
CS983	C5392	mellein
CS984	C4236	demethoxyageratochromene
CS985	C4236	precocene i
CS986	C252	alpha-fenchene
CS987	C7158	verbenone
CS988	C2447	4-phenylbutanal
CS989	C1435	1-nonadecene
CS990	C1435	nonadecene
CS991	C4306	dihydromyrcenol
CS992	C1775	2-hexadecanone
CS993	C4874	hexacosene
CS994	C3628	cannabichromene
CS995	C693	lavandulyl acetate
CS996	C4286	dihydrocarveol acetate
CS997	C4286	dihydrocarvyl acetate
CS998	C2201	3-methyl-2(5h)-furanone
CS999	C6924	zingerone
CS1000	C6924	zingiberone
CS1001	C3227	benzyl propanoate
CS1002	C3227	benzyl propionate
CS1003	C159	2-phenylethylpropionate
CS1004	C6159	phenyl acetate
CS1005	C3124	anisketone
CS1006	C2276	3-phenylpropanol
CS1007	C2276	3-phenylpropyl alcohol
CS1008	C1922	2-phenoxy-ethanol
CS1009	C1922	2-phenoxyethanol
CS1010	C2363	4-ethylphenol
CS1011	C2396	4-methoxybenzaldehyde
CS1012	C2396	anisaldehyde
CS1013	C2396	p-anisaldehyde
CS1014	C2366	4-heptanone
CS1015	C4254	diethyl butanedioate
CS1016	C4254	diethyl succinate
CS1017	C4539	ethyl nonanoate
CS1018	C345	beta-myrcene
CS1019	C345	myrcene
CS1020	C2372	4-hydroxy-4-methyl-2-pentanone
CS1021	C2372	4-methyl-4-hydroxy-2-pentanone
CS1022	C2372	diacetone alcohol
CS1023	C2185	3-methyl-1-butanol
CS1024	C2185	3-methylbutan-1-ol
CS1025	C2185	3-methylbutanol
CS1026	C2185	isoamyl alcohol
CS1027	C2185	isopentanol
CS1028	C542	ethyl hexanoate
CS1029	C2842	allylhexanoate
CS1030	C1374	1-butylacetate
CS1031	C1374	butyl acetate
CS1032	C1374	n-butyl acetate
CS1033	C2224	3-methylbutyl acetate
CS1034	C2224	isoamyl acetate
CS1035	C2224	isopentyl acetate
CS1036	C4537	ethyl myristate
CS1037	C4537	ethyl tetradecanoate
CS1038	C5549	methyl myristate
CS1039	C5549	methyl tetradecanoate
CS1040	C1438	1-nonene
CS1041	C1438	nonene
CS1042	C1436	1-nonanal
CS1043	C1436	n-nonanal
CS1044	C1436	nonanal
CS1045	C7081	tetradecanal
CS1046	C6444	stearamide
CS1047	C6500	tetrachloroethylene
CS1048	C3542	butylated hydroxytoluene
CS1049	C6967	nopinone
CS1050	C5463	methyl-o-methyl benzoate
CS1051	C1800	2-isopropyl-3-methoxypyrazine
CS1052	C5821	o-methyl anisole
CS1053	C1746	2-ethyl-4-hydroxy-5-methyl-3(2h)-furanone
CS1054	C202	6-pentyl-alpha-pyrone
CS1055	C5195	isopulegone
CS1056	C3529	butyl decanoate
CS1057	C4263	dihydro-alpha-ionone
CS1058	C2420	4-methylhexanal
CS1059	C4542	ethyl pentadecanoate
CS1060	C3535	butyl nonanoate
CS1061	C2702	9-decenyl acetate
CS1062	C2702	9-decenylacetate
CS1063	C5383	massoia lactone
CS1064	C2646	7-octen-4-ol
CS1065	C1650	11-hexadecen-1-ol
CS1066	C1765	2-heptadecanol
CS1067	C2532	5-tridecanone
CS1068	C674	isomenthol
CS1069	C3498	bornyl isovalerate
CS1070	C6882	viridine
CS1071	C5061	isobutyl phenylacetate
CS1072	C2343	4-(4-methoxyphenyl)-2-butanone
CS1073	C3233	bergamal
CS1074	C2191	3-methyl-2-butenal
CS1075	C2191	3-methylbut-2-enal
CS1076	C6980	octyl isobutyrate
CS1077	C5873	octyl butyrate
CS1078	C5334	linalyl formate
CS1079	C6295	safranal
CS1080	C5043	isobomyl acetate
CS1081	C5883	octyl propionate
CS1082	C5336	linalyl propanoate
CS1083	C5336	linalyl propionate
CS1084	C3354	beta-homocyclocitral
CS1085	C320	beta-caryophyllene alcohol
CS1086	C320	caryophyllenol
CS1087	C1046	(E)-verbenol
CS1088	C1046	verbenol
CS1089	C754	myrtenal
CS1090	C5184	isopropyl butyrate
CS1091	C6851	vanillinacetate
CS1092	C2253	3-nonanone
CS1093	C757	myrtenyl acetate
CS1094	C6943	nerol oxide
CS1095	C6943	neryl oxide
CS1096	C2908	alpha-campholenol
CS1097	C5507	methyl citronellate
CS1098	C4492	ethyl-3-hydroxyhexanoate
CS1099	C4492	ethyl 3-hydroxyhexanoate
CS1100	C6981	octyl octanoate
CS1101	C1907	2-pentadecanone
CS1102	C1907	pentadecan-2-one
CS1103	C1907	pentadecanone
CS1104	C4865	heptyl isobutyrate
CS1105	C4868	heptyl octanoate
CS1106	C1446	1-octen-3-one
CS1107	C2144	3-butylphthalide
CS1108	C2144	3-n-butylphthalide
CS1109	C2227	3-methylbutyl dodecanoate
CS1110	C2227	isoamyl laurate
CS1111	C4043	citronellyl valerate
CS1112	C4486	ethyl-2-nonynoate
CS1113	C640	hexyl isovalerate
CS1114	C2514	5-methyl-2-thiophenecarboxaldehyde
CS1115	C3833	cis-anhydro linalool oxide
CS1116	C6126	perilla acetate
CS1117	C6126	perillyl acetate
CS1118	C3521	butyl-2-methylbutyrate
CS1119	C5190	isopropyl isovalerate
CS1120	C1703	2-acetyl-3-ethylpyrazine
CS1121	C728	methyl allyl trisulfide
CS1122	C6204	piperitenone oxide
CS1123	C4011	cis-theaspirane
CS1124	C4011	theaspirane a
CS1125	C4011	theaspirane b
CS1126	C4651	furfuryl octanoate
CS1127	C3730	caryophyllene acetate
CS1128	C3045	alpha-terpinyl propionate
CS1129	C1308	(Z)-sabinene hydrate
CS1130	C1308	sabinene hydrate
CS1131	C2392	4-ketoisophorone
CS1132	C2392	4-oxoisophorone
CS1133	C481	dehydro-p-cymene
CS1134	C481	p-cymenene
CS1135	C3108	amyl valerate
CS1136	C5494	methyl allyl disulfide
CS1137	C1846	2-methylbutyl-3-methyl butyrate
CS1138	C1846	2-methylbutyl-3-methylbutyrate
CS1139	C1846	2-methylbutyl isovalerate
CS1140	C1846	2-methylbutylisovalerate
CS1141	C2457	4-vinylphenol
CS1142	C2361	4-ethylguaiacol
CS1143	C317	beta-bourbonene
CS1144	C4490	ethyl-3-hydroxybutyrate
CS1145	C4861	heptyl butyrate
CS1146	C361	borneol
CS1147	C361	isoborneol
CS1148	C3046	alpha-terthiophene
CS1149	C2920	alpha-cedrol
CS1150	C2920	cedrol
CS1151	C6848	valerophenone
CS1152	C4109	cyclooctasulfur
CS1153	C4315	dimethoxybenzaldehyde
CS1154	C3508	brevifolin
CS1155	C5675	n-methyl-n-phenylformamide
CS1156	C5872	octyl benzoate
CS1157	C355	beta-terpinene
CS1158	C6060	p-methoxypropiophenone
CS1159	C793	(+)-linalool
CS1160	C1739	2-ethoxybenzoic acid
CS1161	C6253	propyl valerate
CS1162	C4099	cyclohexadecane
CS1163	C5040	isobergapten
CS1164	C5040	isobergaptene
CS1165	C6260	pseudolimonene
CS1166	C3772	chavicol
CS1167	C4873	hexacosanol
CS1168	C6381	seselin
CS1169	C7093	thymol acetate
CS1170	C7093	thymyl acetate
CS1171	C6380	sesamol
CS1172	C7009	perillene
CS1173	C3170	artemesia ketone
CS1174	C3170	artemisia ketone
CS1175	C3170	isoartemisia ketone
CS1176	C6131	perillaketone
CS1177	C6451	suberosin
CS1178	C1798	2-hydroxyacetophenone
CS1179	C3235	berol
CS1180	C546	ethyl nicotinate
CS1181	C1825	2-methyl-4-heptanone
CS1182	C2141	3-butenol
CS1183	C4876	hexadecanamide
CS1184	C1889	2-nonadecanone
CS1185	C1793	2-hydroxy-4-methoxybenzaldehyde
CS1186	C301	benzocyclobutane
CS1187	C2400	4-methoxyphenethyl alcohol
CS1188	C1457	1-pentadecyne
CS1189	C5845	octadecanol acetate
CS1190	C643	hexyl valerate
CS1191	C718	m-cymenene
CS1192	C620	heptadecanal
CS1193	C3250	beta-amyrin
CS1194	C2864	alpha-amyrin
CS1195	C4171	dehydrocostus lactone
CS1196	C2286	3-tridecanone
CS1197	C1383	1-docosene
CS1198	C1383	docosene
CS1199	C5028	isoamyl valerate
CS1200	C2287	3-undecanone
CS1201	C5189	isopropyl isothiocyanate
CS1202	C2226	3-methylbutyl decanoate
CS1203	C5874	octyl decanoate
CS1204	C1963	2-tetradecanone
CS1205	C4382	eicosanal
CS1206	C4249	diallyl tetrasulfide
CS1207	C3105	amyl isobutyrate
CS1208	C3105	pentyl isobutyrate
CS1209	C5096	isocyanatomethylbenzene
CS1210	C2445	4-phenylbenzaldehyde
CS1211	C1790	2-hexylfuran
CS1212	C1905	2-octylfuran
CS1213	C1961	2-propylfuran
CS1214	C6335	sec-butylisothiocyanate
CS1215	C5878	octyl isothiocyanate
CS1216	C2434	4-nonanone
CS1217	C6788	Tremetone
CS1218	C1719	2-butylpyridine
CS1219	C2206	3-methyl-3-butenyl acetate
CS1220	C1883	2-methylthioethanol
CS1221	C1799	2-hydroxypiperitone
CS1222	C1799	diosphenol
CS1223	C1896	2-norbornanol
CS1224	C7144	tricyclene
CS1225	C681	isopiperitenone
CS1226	C1720	2-carene
CS1227	C4155	decyl isobutyrate
CS1228	C4323	dimethyl tetrasulfide
CS1229	C1770	2-heptyl acetate
CS1230	C5579	Methyl thiobenzoate
CS1231	C1434	1-nonadecanol
CS1232	C1434	nonadecanol
CS1233	C3649	Carvacrol methyl ether
CS1234	C3649	carvacrolmethylether
CS1235	C3649	methyl carvacrol
CS1236	C3650	carvacrol acetate
CS1237	C3650	carvacryl acetate
CS1238	C306	benzyl nonanoate
CS1239	C5910	p-anisyl hexanoate
CS1240	C4863	heptyl hexanoate
CS1241	C5755	nerolidyl propionate
CS1242	C495	delta-terpineol
CS1243	C5021	isoamyl methacrylate
CS1244	C5178	isopropenyl toluene
CS1245	C784	(+)-alpha-pinene
CS1246	C6503	tetracosene
CS1247	C4703	gamma-terpinyl acetate
CS1248	C3231	benzyl valerate
CS1249	C6251	propyl tetradecanoate
CS1250	C2455	4-undecanone
CS1251	C3814	cis-3-pinanone
CS1252	C3814	isopinocamphone
CS1253	C6276	rosefuran
CS1254	C5547	methyl methylthioacetate
CS1255	C436	cis-piperitol
CS1256	C6749	trans-piperitol
CS1257	C4987	ipsenol
CS1258	C4986	ipsdienol
CS1259	C1774	2-hexadecanol
CS1260	C1894	2-nonyl acetate
CS1261	C2719	9-methylnonadecane
CS1262	C230	alpha-bergamotene
CS1263	C230	alpha-trans-bergamotene
CS1264	C2942	alpha-cubenene
CS1265	C2247	3-methyltetradecane
CS1266	C5974	p-menth-3-en-8-ol
CS1267	C5395	menth-1-en-9-ol
CS1268	C5395	p-menth-1-en-9-ol
CS1269	C5395	p-menth-1-ene-9-ol
CS1270	C2567	6-methyl-3-heptanol
CS1271	C462	cuparene
CS1272	C5838	octacosene
CS1273	C444	cis-verbenol
CS1274	C5226	karahanaenone
CS1275	C3988	cis-pinocarveol
CS1276	C4913	hexyl propionate
CS1277	C3499	bornyl propionate
CS1278	C3499	isobornyl propionate
CS1279	C5960	p-menth-1-en-7-al
CS1280	C5960	phellandral
CS1281	C121	1-nonen-3-ol
CS1282	C121	1-nonene-3-ol
CS1283	C7141	trans-verbenol
CS1284	C217	acoradiene
CS1285	C217	alpha-acoradiene
CS1286	C364	bulnesol
CS1287	C576	gamma-gurjunene
CS1288	C760	(-)-alpha-bisabolol oxide a
CS1289	C760	alpha-bisabolol oxide a
CS1290	C2186	3-methyl-1-octyn-3-ol
CS1291	C7149	umbellulone
CS1292	C3502	bornyl isobutyrate
CS1293	C2834	alloaromadendrene
CS1294	C2834	aromadendrene
CS1295	C356	beta-thujone
CS1296	C356	trans-thujone
CS1297	C336	beta-eudesmol
CS1298	C4641	friedelan-3-one
CS1299	C5305	limonene oxide
CS1300	C3013	alpha-pinene epoxide
CS1301	C3013	alpha-pinene oxide
CS1302	C3013	alpha-pineneoxide
CS1303	C5363	lyral
CS1304	C3208	benzyl-2-methylbutyrate
CS1305	C4410	epi-13-manool
CS1306	C2956	alpha-elemol
CS1307	C2956	elemol
CS1308	C247	alpha-curcumene
CS1309	C247	ar-curcumene
CS1310	C247	curcumene
CS1311	C7066	spathulenol
CS1312	C7066	spatulenol
CS1313	C2235	3-methyldecane
CS1314	C3812	cis-3-hexenylvalerate
CS1315	C249	alpha-eudesmol
CS1316	C5745	nepetalactone
CS1317	C7170	zingiberene
CS1318	C455	cryptone
CS1319	C6285	sabina ketone
CS1320	C6285	sabinaketone
CS1321	C5742	neoiso-isopulegol
CS1322	C5742	pulegol
CS1323	C697	ledol
CS1324	C5466	methyl-p-methoxycinnamate
CS1325	C6208	piperitone oxide
CS1326	C768	(-)-bornyl acetate
CS1327	C768	l-bornyl acetate
CS1328	C1425	1-methyl-4-acetyl-1-cyclohexene
CS1329	C1425	1-methyl-4-acetylcyclohex-1-ene
CS1330	C1425	4-acetyl-1-methylcyclohexene
CS1331	C350	beta-pinene oxide
CS1332	C2517	5-methyldecane
CS1333	C3610	camphenilone
CS1334	C327	beta-cubebene
CS1335	C6899	xanthorrhizol
CS1336	C6899	xanthorrizol
CS1337	C2947	alpha-cyclocitral
CS1338	C7045	sabinol
CS1339	C270	alpha-santalene
CS1340	C270	santalene
CS1341	C956	(E)-carveol
CS1342	C956	trans-carveol
CS1343	C6294	sabinyl acetate
CS1344	C234	alpha-bulnesene
CS1345	C234	delta-guaiene
CS1346	C2237	3-methylheptadecane
CS1347	C2240	3-methylnonadecane
CS1348	C7164	widdrol
CS1349	C5597	mint lactone
CS1350	C2581	6-paradol
CS1351	C4615	farnesyl acetate
CS1352	C2403	4-methoxysafrole
CS1353	C5939	p-cymen-9-ol
CS1354	C7091	thymohydroquinone
CS1355	C3106	amyl isovalerate
CS1356	C3106	pentyl 3-methylbutyrate
CS1357	C2565	6-methyl-2-heptanol
CS1358	C2565	6-methylheptan-2-ol
CS1359	C1906	2-pentadecanol
CS1360	C4704	gamma-tetradecalactone
CS1361	C4692	gamma-palmitolactone
CS1362	C1316	(Z)-thujopsene
CS1363	C2949	alpha-cyclogeraniol
CS1364	C4538	ethyl nerolate
CS1365	C1888	2-nonadecanol
CS1366	C4259	dihydro-3-methyl-2(3h)-furanone
CS1367	C2407	4-methyl-1-hexanol
CS1368	C2904	alpha-campholene aldehyde
CS1369	C5010	isoacorone
CS1370	C6809	undecanol-3
CS1371	C5166	isopinocampheol
CS1372	C291	artemisia alcohol
CS1373	C4462	eremanthine
CS1374	C4239	demethylencecalin
CS1375	C4239	eupatoriochromene
CS1376	C4074	cuminyl acetate
CS1377	C4074	p-cymen-7-ol acetate
CS1378	C3608	Camphene hydrate
CS1379	C608	globulol
CS1380	C3379	beta-patchoulene
CS1381	C3863	cis-carvyl acetate
CS1382	C687	isoterpinolene
CS1383	C5278	lavender lactone
CS1384	C3989	cis-pinocarvyl acetate
CS1385	C3989	pinocarvyl acetate
CS1386	C3989	trans-pinocarvyl acetate
CS1387	C6198	pinocarveol
CS1388	C6198	trans-pinocarveol
CS1389	C499	dihydro tagetone
CS1390	C1859	2-methylbutylpropionate
CS1391	C4517	ethyl 2-hydroxyhexanoate
CS1392	C1751	2-ethylhexadecanoic acid
CS1393	C4334	dipropyl tetrasulfide
CS1394	C5543	methyl lavender ketone
CS1395	C6111	pentyl 2-methylbutyrate
CS1396	C2971	alpha-guajene
CS1397	C254	alpha-fenchyl acetate
CS1398	C254	fenchyl acetate
CS1399	C5977	p-menth-4-en-3-one
CS1400	C3449	beyerene
CS1401	C3868	cis-chrysanthemol
CS1402	C6989	palustrol
CS1403	C3500	bornyl valerate
CS1404	C5301	limonene aldehyde
CS1405	C276	alpha-terpinyl acetate
CS1406	C276	terpenyl acetate
CS1407	C3760	cedranone
CS1408	C5337	linalyl valerate
CS1409	C4039	citronellyl caproate
CS1410	C5237	ketones
CS1411	C1399	1-ethoxy-1-pentoxyethane
CS1412	C2288	3-undecen-2-one
CS1413	C4400	encecalin
CS1414	C3126	anisyl isobutyrate
CS1415	C761	(-)-alpha-bisabolol oxide b
CS1416	C761	alpha-bisabolol oxide b
CS1417	C761	bisabolol oxide b
CS1418	C3953	cis-myrtanol
CS1419	C4597	euparin
CS1420	C400	cedr-8(15)-en-9-ol
CS1421	C4551	ethyl tridecanoate
CS1422	C5651	n-acetyltyramine
CS1423	C1930	2-phenylbenzaldehyde
CS1424	C645	himachalol
CS1425	C7018	pinocarvone
CS1426	C4460	epoxymyrcene
CS1427	C40	(E)-p-menth-2-en-1-ol
CS1428	C40	trans-p-2-menthen-1-ol
CS1429	C40	trans-p-menth-2-en-1-ol
CS1430	C40	trans-p-mentha-2-en-1-ol
CS1431	C40	trans-para-menth-2-en-1-ol
CS1432	C2918	alpha-cedrene epoxide
CS1433	C4084	curcuphenol
CS1434	C3207	benzyl
CS1435	C2448	4-phenylbutylisothiocyanate
CS1436	C1863	2-methylcrotonic acid
CS1437	C1863	tiglic acid
CS1438	C6441	spiro(2.5)octane
CS1439	C4569	eucarvone
CS1440	C3226	benzyl nitrite
CS1441	C5270	lantadene c
CS1442	C6156	phenoprene
CS1443	C5508	methyl cyclohexadiene
CS1444	C3957	cis-p-2-menthen-1-ol
CS1445	C2388	4-isopropylheptane
CS1446	C2413	4-methyl-5h-furan-2-one
CS1447	C2192	3-methyl-2-butene-1-thiol
CS1448	C6561	thymyl isovalerate
CS1449	C5780	nonacosene
CS1450	C3623	camphora
CS1451	C4094	cyclocolorenone
CS1452	C3143	ar-turmerone
CS1453	C6898	xanthinin
CS1454	C453	cnidilide
CS1455	C106	10-epi-alpha-cadinol
CS1456	C106	epi-alpha-cadinol
CS1457	C106	t-cadinol
CS1458	C106	tau-cadinol
CS1459	C3148	aristolochene
CS1460	C5208	isothymol methyl ether
CS1461	C3778	chrysanthenyl acetate
CS1462	C3778	trans-chrysanthenyl acetate
CS1463	C1349	[6]-gingerdione
CS1464	C7055	sclareol
CS1465	C4057	cryptomeridiol
CS1466	C5640	myrtanal
CS1467	C288	aristolone
CS1468	C5243	khusimol
CS1469	C4082	curcumenol
CS1470	C4802	grandisol
CS1471	C683	isopulegol
CS1472	C1381	1-decen-3-ol
CS1473	C6839	valeranone
CS1474	C6224	prenyl isobutyrate
CS1475	C5050	isobornyl isobutyrate
CS1476	C4600	exo-2-hydroxycineole acetate
CS1477	C5781	nonadecanal
CS1478	C6048	p-menthatriene
CS1479	C4237	demethoxyencecalin
CS1480	C4237	desmethoxyencecalin
CS1481	C4173	dehydrofukinone
CS1482	C5272	latifolone
CS1483	C471	daucene
CS1484	C2549	6-camphenol
CS1485	C1486	1-tricosene
CS1486	C3252	beta-atlantone
CS1487	C5800	nootkatol
CS1488	C6869	vinylguaiacol
CS1489	C610	gossonorol
CS1490	C2558	6-Hydroxytremetone
CS1491	C5606	modhephene
CS1492	C670	isocomene
CS1493	C2243	3-methylpentacosane
CS1494	C4467	erythrocentaurin
CS1495	C3422	beta-turmerone
CS1496	C6740	trans-pinan-2-ol
CS1497	C3025	alpha-santonin
CS1498	C6446	stigmast-5-en-3beta-ol
CS1499	C613	guaiol
CS1500	C6548	thymol isobutyrate
CS1501	C6548	thymyl isobutyrate
CS1502	C5880	octyl isovalerate
CS1503	C6247	propyl heptanoate
CS1504	C1936	2-phenylethyl-n-octanoate
CS1505	C3624	camphore
CS1506	C5302	limonene diepoxide
CS1507	C5302	limonene dioxide
CS1508	C1691	15-pentadecanolide
CS1509	C1691	cyclopentadecanolide
CS1510	C4496	ethyl-3-oxohexanoate
CS1511	C5799	nootkatin
CS1512	C5335	linalyl isovalerate
CS1513	C175	3-octanone
CS1514	C175	octan-3-one
CS1515	C662	isobornyl acetate
CS1516	C1833	2-methyl-6-propylphenol
CS1517	C4014	cis-thujone
CS1518	C3230	benzyl tiglate
CS1519	C1472	1-propenylbenzene
CS1520	C2563	6-methoxyquinoline-1-oxide
CS1521	C5370	m-cymen-8-ol
CS1522	C6574	torquatone
CS1523	C2518	5-methylene-2-norbornene
CS1524	C279	alpha-thujone
CS1525	C279	thujone
CS1526	C5357	longifolene
CS1527	C1379	1-cyclohexene-1-methanol
CS1528	C2981	alpha-kessyl alcohol
CS1529	C2981	kessyl alcohol
CS1530	C3264	beta-bourbenene
CS1531	C484	Dehydrotremetone
CS1532	C6768	trans-totarol
CS1533	C719	menthofuran
CS1534	C1253	(Z)-carveol
CS1535	C1253	cis-carveol
CS1536	C6382	sesquicineole
CS1537	C6576	torulosol
CS1538	C2557	6-hydroxycarvone
CS1539	C7019	piperitenone
CS1540	C6460	teferdine
CS1541	C4508	ethyl (E)-2-butenoate
CS1542	C4508	ethyl (E)-crotonate
CS1543	C4508	ethyl crotonate
CS1544	C2416	4-methylbenzoylacetone
CS1545	C773	(-)-limonene
CS1546	C6939	neo-menthol
CS1547	C253	alpha-fenchol
CS1548	C253	alpha-fenchyl alcohol
CS1549	C253	endo-fenchol
CS1550	C6192	pimaradiene
CS1551	C6192	sandaracopimaradiene
CS1552	C792	(+)-limonene
CS1553	C792	d-limonene
CS1554	C767	(-)-beta-pinene
CS1555	C762	(-)-alpha-pinene
CS1556	C4128	d-cadinene
CS1557	C4128	delta-cadinene
CS1558	C4624	ferruginol
CS1559	C4624	trans-ferruginol
CS1560	C4642	fukinanolide
CS1561	C2948	alpha-cyclocostunolide
CS1562	C3312	beta-cyclocostunolide
CS1563	C759	(-)-alpha-bisabolol
CS1564	C759	alpha-bisabolol
CS1565	C759	Levomenol
CS1566	C383	carotol
CS1567	C2923	alpha-chamigrene
CS1568	C3289	beta-chamigrene
CS1569	C3289	chamigrene
CS1570	C3082	alpha-cubebene
CS1571	C4137	daucol
CS1572	C3330	beta-eudesmene
CS1573	C3330	beta-selinene
CS1574	C4016	cis-thujopsene
CS1575	C4016	thujopsene
CS1576	C3057	alpha-vetivone
CS1577	C3425	beta-vetivone
CS1578	C282	alpha-ylangene
CS1579	C3668	carvone oxide
CS1580	C404	chrysanthenone
CS1581	C785	(+)-alpha-terpineol
CS1582	C1350	[6]-gingerol
CS1583	C774	(-)-linalool
CS1584	C774	l-linalool
CS1585	C763	(-)-alpha-terpineol
CS1586	C5712	neo-dihydrocarveol
CS1587	C1262	(Z)-dihydrocarvone
CS1588	C1262	cis-dihydrocarvone
CS1589	C1262	cis-isodihydrocarvone
CS1590	C7118	trans-dihydrocarvone
CS1591	C2769	abietadiene
CS1592	C2772	abietol
CS1593	C2770	abietal
CS1594	C959	(E)-cinnamic acid
CS1595	C959	cinnamic acid
CS1596	C973	(E)-farnesol
CS1597	C973	farnesol
CS1598	C973	trans-farnesol
CS1599	C5898	oxiranone
CS1600	C58	(Z)-9-hexadecenoic acid
CS1601	C58	(Z)-palmitoleic acid
CS1602	C58	palmitoleic acid
CS1603	C6983	oleic acid
CS1604	C857	(E)-2-butenal
CS1605	C857	but-2-enal
CS1606	C2644	7-isoquinolinol
CS1607	C5198	isopulegyl acetate
CS1608	C2272	3-pentenol
CS1609	C4091	cyclamen aldehyde
CS1610	C363	bornyl formate
CS1611	C716	manool oxide
CS1612	C4650	furfuryl methyl sulfide
CS1613	C6984	o-menth-8-ene
CS1614	C2995	alpha-myrcene
CS1615	C4266	dihydro-beta-ionone
CS1616	C2663	8-cedren-13-ol
CS1617	C2663	cedr-8-en-13-ol
CS1618	C3556	cadin-4-en-10-ol
CS1619	C7064	seychellene
CS1620	C4392	elemenone
CS1621	C6383	sesquiphellandrene
CS1622	C472	davanone
CS1623	C5019	isoamyl isobutyrate
CS1624	C6323	santolina alcohol
CS1625	C115	1-epi-cubenol
CS1626	C115	cubenol
CS1627	C115	Epicubenol
CS1628	C7051	santolina triene
CS1629	C1489	1-undecyn-4-ol
CS1630	C3905	cis-isopulegone
CS1631	C3905	trans-shisool
CS1632	C468	cyclosativene
CS1633	C144	2-methoxy-3-(1-methylpropyl)-pyrazine
CS1634	C1707	2-acetylthiazole
CS1635	C2431	4-methyltetradecane
CS1636	C2417	4-methyldocosane
CS1637	C4224	delta-tetradecalactone
CS1638	C494	delta-selinene
CS1639	C3418	beta-thujene
CS1640	C3418	thujene
CS1641	C5963	p-menth-1-en-9-al
CS1642	C5489	methyl 2-hydroxybutanoate
CS1643	C5868	octyl-2-methylbutyrate
CS1644	C4461	epsilon-muurolene
CS1645	C5861	octen-1-ol acetate
CS1646	C5486	methyl 2-hydroxy-2-methylbutanoate
CS1647	C1693	16-kaurene
CS1648	C1693	alpha-kaurene
CS1649	C1693	kaur-16-ene
CS1650	C5186	isopropyl heptanoate
CS1651	C6402	shyobunol
CS1652	C261	alpha-longipinene
CS1653	C261	longipinene
CS1654	C5487	methyl 2-hydroxy-3-methylpentanoate
CS1655	C4380	edulan i
CS1656	C2915	alpha-caryophyllene alcohol
CS1657	C5224	juniper camphor
CS1658	C2255	3-Octanol acetate
CS1659	C2255	3-octyl acetate
CS1660	C521	elsholtzia ketone
CS1661	C5978	p-menth-6-en-2-one
CS1662	C5125	isolimonene
CS1663	C578	gamma-patchoulene
CS1664	C753	myrtanol
CS1665	C672	isokaurene
CS1666	C672	isophyllocladene
CS1667	C672	kaur-15-ene
CS1668	C5876	octyl heptanoate
CS1669	C579	gamma-selinene
CS1670	C2177	3-mercaptohexanol
CS1671	C1391	1-epi-bicyclosesquiphellandrene
CS1672	C1391	bicyclosesquiphellandrene
CS1673	C309	bergamotene
CS1674	C3007	alpha-patchoulene
CS1675	C3171	artemiseole
CS1676	C1812	2-methyl-1-octadecene
CS1677	C2509	5-methyl-1-undecene
CS1678	C3043	alpha-terpinyl isobutyrate
CS1679	C4170	dehydrocineole
CS1680	C3175	artemisyl acetate
CS1681	C2381	4-hydroxypiperitone
CS1682	C437	cis-p-menth-2-en-1-ol
CS1683	C437	p-menth-2-en-1-ol
CS1684	C3036	alpha-terpinen-7-al
CS1685	C5293	lilac alcohol
CS1686	C418	cis-chrysanthenol
CS1687	C5299	limonen-10-ol
CS1688	C5964	p-menth-1-en-9-yl acetate
CS1689	C6928	zizanal
CS1690	C6363	selina-6-en-4-ol
CS1691	C4654	furopelargone b
CS1692	C2831	allo-cedrol
CS1693	C6866	vetiselinenol
CS1694	C6927	zizaene
CS1695	C7040	rosifoliol
CS1696	C2282	3-thujanol
CS1697	C694	lavandulyl isobutyrate
CS1698	C695	lavandulyl isovalerate
CS1699	C3725	caryophylladienol ii
CS1700	C5300	limonen-4-ol
CS1701	C5300	limonene-4-ol
CS1702	C2432	4-methyltricosane
CS1703	C5123	isokessane
CS1704	C5170	isopiperitenol
CS1705	C2578	6-methylheptadecane
CS1706	C3159	aromadendrene epoxide
CS1707	C3159	aromadendrene oxide
CS1708	C4843	heptacosene
CS1709	C1455	1-pentacosene
CS1710	C3271	beta-calacorene
CS1711	C3779	chrysanthenyl propionate
CS1712	C4144	davanol
CS1713	C3146	aristolene
CS1714	C673	isoledene
CS1715	C6894	vulgarone b
CS1716	C2219	3-methylbut-2-enyl valerate
CS1717	C2885	alpha-bourbonene
CS1718	C5033	isoaromadendrene epoxide
CS1719	C5361	longipinene epoxide
CS1720	C2573	6-methyl-7-octen-2-one
CS1721	C2928	alpha-citronellol
CS1722	C1688	15-hexadecanolide
CS1723	C110	13-tetradecanolide
CS1724	C2150	3-eicosyne
CS1725	C2155	3-ethyl-4-methylpentanol
CS1726	C2963	alpha-fenchocamphorone
CS1727	C3640	caranone
CS1728	C5967	p-menth-1(7)-en-2-one
CS1729	C294	ar-tumerone
CS1730	C5241	khusilol
CS1731	C5968	p-menth-1(7)-en-9-ol
CS1732	C5356	longicyclene
CS1733	C712	longifolenaldehyde
CS1734	C723	menthyl isovalerate
CS1735	C2788	aciphyllene
CS1736	C463	curzerene
CS1737	C463	isofuranogermacrene
CS1738	C4491	ethyl-3-hydroxydodecanoate
CS1739	C5796	nonyl hexanoate
CS1740	C6597	trans-3-caren-2-ol
CS1741	C4685	gamma-himachalene
CS1742	C2934	alpha-copaen-8-ol
CS1743	C3006	alpha-panasinsene
CS1744	C4265	dihydro-beta-ionol
CS1745	C3752	cedr-8-en-15-ol
CS1746	C4312	dill ether
CS1747	C2637	7-ethyl-7-tridecanol
CS1748	C4449	epishyobunone
CS1749	C532	epizonarene
CS1750	C3770	chavibetol
CS1751	C5127	isolongifolen-5-one
CS1752	C2562	6-methoxyelemicin
CS1753	C6312	sandaracopimarinal
CS1754	C4644	furanodiene
CS1755	C6142	petasitene
CS1756	C4662	gamma-asarone
CS1757	C930	(E)-asarone
CS1758	C930	alpha-asarone
CS1759	C27	(E)-cinnamaldehyde
CS1760	C27	(E)-cinnamic aldehyde
CS1761	C27	3-phenyl-2-propenal
CS1762	C27	cinnamaldehyde
CS1763	C27	cinnamic aldehyde
CS1764	C27	trans-cinnamaldehyde
CS1765	C1020	(E)-oleic acid
CS1766	C764	(-)-alpha-thujene
CS1767	C35	(E)-methyl cinnamate
CS1768	C35	methyl (E)-cinnamate
CS1769	C35	methyl cinnamate
CS1770	C642	hexyl tiglate
CS1771	C927	(E)-anethol
CS1772	C927	(E)-anethole
CS1773	C927	anethol
CS1774	C927	anethole
CS1775	C927	trans-anethole
CS1776	C977	(E)-geraniol
CS1777	C977	geraniol
CS1778	C977	geraniol (E)
CS1779	C977	trans-geraniol
CS1780	C971	(E)-ethyl cinnamate
CS1781	C971	ethyl (E)-cinnamate
CS1782	C971	ethyl cinnamate
CS1783	C971	trans-ethyl cinnamate
CS1784	C36	(E)-methyl isoeugenol
CS1785	C5201	isosafrol
CS1786	C5201	isosafrole
CS1787	C907	(E)-3-penten-2-one
CS1788	C907	3-penten-2-one
CS1789	C966	(E)-citral
CS1790	C966	alpha-citral
CS1791	C966	citral
CS1792	C966	geranial
CS1793	C23	(E)-beta-ionone
CS1794	C23	beta-ionone
CS1795	C23	trans-beta-ionone
CS1796	C6443	squalene
CS1797	C6443	trans-squalene
CS1798	C5467	methyl (E)-2-butenoate
CS1799	C2397	4-methoxycinnamaldehyde
CS1800	C2397	p-methoxy cinnamaldehyde
CS1801	C5820	o-methoxy cinnamaldehyde
CS1802	C2418	4-methyleneisophorone
CS1803	C1284	(Z)-lachnophyllum ester
CS1804	C1145	(Z)-3-butylidenephthalide
CS1805	C1145	3-butylidenephthalide
CS1806	C6601	trans-abienol
CS1807	C2164	3-hexenal
CS1808	C1216	(Z)-abienol
CS1809	C1216	cis-abienol
CS1810	C1260	(Z)-citral
CS1811	C1260	beta-citral
CS1812	C1260	neral
CS1813	C5478	methyl (Z)-2-butenoate
CS1814	C5561	methyl palmitoleate
CS1815	C424	cis-geraniol
CS1816	C424	nerol
CS1817	C1151	(Z)-3-hexanal
CS1818	C1151	(Z)-3-hexenal
CS1819	C3629	cannabidiol
CS1820	C4178	dehydrovomifoliol
CS1821	C989	(E)-isoeugenol
CS1822	C989	isoeugenol
CS1823	C991	(E)-isoeugenyl acetate
CS1824	C991	isoeugenylacetate
CS1825	C4402	endo-borneol
CS1826	C4402	l-borneol
CS1827	C4129	d-fenchone
CS1828	C240	alpha-campholenal
CS1829	C6966	nootkatone
CS1830	C1283	(Z)-jasmone
CS1831	C1283	cis-jasmone
CS1832	C1283	jasmone
CS1833	C996	(E)-jasmone
CS1834	C3898	cis-geranyl acetate
CS1835	C3898	nerol acetate
CS1836	C3898	neryl acetate
CS1837	C3898	trans-geranyl acetate
CS1838	C3341	beta-geranyl acetate
CS1839	C3341	geranyl acetate
CS1840	C62	(Z)-anethole
CS1841	C62	cis-anethole
CS1842	C1279	(Z)-isoeugenol
CS1843	C71	(Z)-methyl isoeugenol
CS1844	C423	cis-farnesol
CS1845	C1268	(Z)-Farnesol
CS1846	C4754	geranyl acetone
CS1847	C3480	bisabolol
CS1848	C562	farnesyl acetone
CS1849	C3997	cis-rose oxide
CS1850	C33	(E)-geranyl acetone
CS1851	C33	(E)-geranylacetone
CS1852	C5483	methyl (Z)-dihydrojasmonate
CS1853	C769	(-)-caryophyllene oxide
CS1854	C769	beta-caryophyllene oxide
CS1855	C769	caryophyllene epoxide
CS1856	C769	caryophyllene oxide
CS1857	C769	trans-caryophyllene oxide
CS1858	C5087	isocaryophyllene oxide
CS1859	C5223	junipene
CS1860	C795	(+)-terpinen-4-ol
CS1861	C1405	1-heneicosene
CS1862	C1405	heneicosene
CS1863	C4341	docosanal
CS1864	C2246	3-methylpentyl isobutyrate
CS1865	C4590	eugenol isobutyrate
CS1866	C68	(Z)-gamma-bisabolene
CS1867	C68	bisabolene
CS1868	C68	cis-gamma-bisabolene
CS1869	C68	gamma-bisabolene
CS1870	C715	manool
CS1871	C4365	drimenol
CS1872	C3180	atractylone
CS1873	C464	curzerenone
CS1874	C3631	capillene
CS1875	C5290	leptospermone
CS1876	C5739	neocnidilide
CS1877	C488	delta-cadinol
CS1878	C2958	alpha-epi-muurolol
CS1879	C2958	epi-alpha-Muurolol
CS1880	C2958	t-muurolol
CS1881	C4595	eugenyl isovalerate
CS1882	C6338	sedanenolide
CS1883	C6338	senkyunolide
CS1884	C4040	citronellyl citronellate
CS1885	C6233	prochamazulene
CS1886	C1694	17-heptadecanolide
CS1887	C5063	isobutylacetate
CS1888	C6339	sedanolide
CS1889	C3645	carissone
CS1890	C3214	benzyl cinnamate
CS1891	C5517	methyl farnesate
CS1892	C4724	geranic acid
CS1893	C4724	neric acid
CS1894	C1026	(E)-phytol
CS1895	C1026	phytol
CS1896	C1026	trans-phytol
CS1897	C709	linoleic acid
CS1898	C709	linolic acid
CS1899	C1258	(Z)-cinnamyl alcohol
CS1900	C866	(E)-2-hexadecenal
CS1901	C866	hexadecenal
CS1902	C4610	farnesal
CS1903	C2669	8-hydroxylinalool
CS1904	C2982	alpha-linolenic acid
CS1905	C2982	linolenic acid
CS1906	C1206	(Z)-6-octadecenoic acid
CS1907	C560	falcarinol
CS1908	C4510	ethyl (E)-2-methyl-2-butenoate
CS1909	C4510	ethyl tiglate
CS1910	C16	(E)-3-hexenol
CS1911	C16	(Z)-3-hexen-1-ol
CS1912	C16	(Z)-3-hexenol
CS1913	C16	(Z)-hex-3-en-1-ol
CS1914	C16	3-hexenol
CS1915	C16	cis-3-hexenol
CS1916	C11	(E)-2-hexenal
CS1917	C11	(E)-hex-2-enal
CS1918	C11	2-hexenal
CS1919	C11	trans-2-hexenal
CS1920	C11	trans-hex-2-enal
CS1921	C4744	geranyl geraniol
CS1922	C5737	neocembrene A
CS1923	C6897	xanthatin
CS1924	C765	(-)-beta-caryophyllene
CS1925	C765	(E)-beta-caryophyllene
CS1926	C765	(E)-caryophyllene
CS1927	C765	beta-caryophylene
CS1928	C765	beta-caryophyllene
CS1929	C765	caryophyllene
CS1930	C765	trans-beta-caryophyllene
CS1931	C765	trans-caryophyllene
CS1932	C923	(E)-alpha-farnesene
CS1933	C923	alpha-farnesene
CS1934	C923	farnesene
CS1935	C22	(E)-beta-farnesene
CS1936	C22	beta-farnesene
CS1937	C22	trans-beta-farnesene
CS1938	C599	germacrene b
CS1939	C3062	alpha-caryophyllene
CS1940	C3062	alpha-humulene
CS1941	C3062	humulene
CS1942	C3275	beta-caryophyllen
CS1943	C3275	cis-caryophyllene
CS1944	C3275	e-caryophyllene
CS1945	C3275	isocaryophyllene
CS1946	C3024	alpha-santalol
CS1947	C3031	alpha-sinensal
CS1948	C3412	beta-sinensal
CS1949	C932	(E)-beta-ocimene
CS1950	C932	(E)-ocimene
CS1951	C932	beta-ocimene
CS1952	C932	beta-trans-ocimene
CS1953	C932	e-beta-ocimene
CS1954	C932	ocimene
CS1955	C932	p-ocimene
CS1956	C932	trans-beta-ocimene
CS1957	C932	trans-ocimene
CS1958	C1227	(Z)-asarone
CS1959	C1227	beta-asarone
CS1960	C5542	methyl jasmonate
CS1961	C18	(E)-alpha-ionone
CS1962	C18	alpha-(E)-ionone
CS1963	C18	alpha-ionone
CS1964	C4730	geraniol formate
CS1965	C4730	geranyl formate
CS1966	C28	(E)-cinnamyl acetate
CS1967	C28	cinnamyl acetate
CS1968	C545	ethyl linoleate
CS1969	C870	(E)-2-hexenoic acid
CS1970	C882	(E)-2-octenoic acid
CS1971	C1179	(Z)-3-octenoic acid
CS1972	C1202	(Z)-5-octenoic acid
CS1973	C1728	2-decenoic acid
CS1974	C1732	2-dodecenoic acid
CS1975	C917	(E)-9-hexadecenoic acid
CS1976	C917	(E)-palmitoleic acid
CS1977	C917	9-hexadecenoic acid
CS1978	C2704	9-dodecenol
CS1979	C10	(E)-2-heptenal
CS1980	C10	(E)-hept-2-enal
CS1981	C10	heptenal
CS1982	C881	(E)-2-octenal
CS1983	C881	2-octenal
CS1984	C1019	(E)-oct-3-enal
CS1985	C14	(E)-2-nonenal
CS1986	C14	2-nonenal
CS1987	C5784	nonadienal
CS1988	C8	(E)-2-decenal
CS1989	C8	2-decenal
CS1990	C8	2(E)-decenal
CS1991	C8	decenal
CS1992	C892	(E)-2-undecenal
CS1993	C892	trans-2-undecenal
CS1994	C861	(E)-2-dodecenal
CS1995	C861	2-dodecenal
CS1996	C861	trans-2-dodecenal
CS1997	C15	(E)-2-tridecenal
CS1998	C889	(E)-2-tetradecenal
CS1999	C2721	9-octadecenal
CS2000	C1212	(Z)-9-octadecenamide
CS2001	C5607	monoolein
CS2002	C536	ergost-5-en-3beta-ol
CS2003	C5544	methyl linoleate
CS2004	C2163	3-hexen-1-ol
CS2005	C37	(E)-nerolidol
CS2006	C37	nerolidol
CS2007	C37	trans-nerolidol
CS2008	C1266	(Z)-ethyl cinnamate
CS2009	C6183	physeteric acid
CS2010	C880	(E)-2-nonenoic acid
CS2011	C1188	(Z)-4-heptenoic acid
CS2012	C7167	yomogi alcohol
CS2013	C17	(E)-alpha-bisabolene
CS2014	C3142	ar-tumerol
CS2015	C3142	ar-turmerol
CS2016	C5366	m-camphorene
CS2017	C962	(E)-cinnamyl alcohol
CS2018	C962	cinnamic alcohol
CS2019	C66	(Z)-cinnamyl acetate
CS2020	C2938	alpha-corocalene
CS2021	C313	beta-acoradiene
CS2022	C218	acorone
CS2023	C496	dendrolasin
CS2024	C2254	3-nonen-2-one
CS2025	C3840	cis-beta-farnesene
CS2026	C4793	germacrene d
CS2027	C255	alpha-guaiene
CS2028	C1768	2-heptenol
CS2029	C869	(E)-2-hexen-1-ol
CS2030	C869	(E)-2-hexenol
CS2031	C869	2-hexen-1-ol
CS2032	C869	2-hexenol
CS2033	C6092	pellitorine
CS2034	C5103	isoegomaketone
CS2035	C988	(E)-isoelemicin
CS2036	C988	isoelemicin
CS2037	C1903	2-octenol
CS2038	C70	(Z)-ligustilide
CS2039	C5545	methyl linolenate
CS2040	C5648	myrtenyl isovalerate
CS2041	C3955	cis-nerolidol
CS2042	C925	(E)-alpha-ocimene
CS2043	C925	alpha-ocimene
CS2044	C1229	(Z)-beta-ocimene
CS2045	C1229	(Z)-ocimene
CS2046	C1229	cis-beta-ocimene
CS2047	C1229	cis-ocimene
CS2048	C3173	artemisia triene
CS2049	C3173	artemisiatriene
CS2050	C6091	patchoulenone
CS2051	C6214	pogostol
CS2052	C846	(E)-1-propenyl propyl disulfide
CS2053	C3021	alpha-santalal
CS2054	C6403	shyobunone
CS2055	C3032	alpha-teresantalic acid
CS2056	C1862	2-methylcrotonaldehyde
CS2057	C5582	methyl tiglate
CS2058	C1132	(Z)-2-hexenol
CS2059	C1132	(Z)-hex-2-en-1-ol
CS2060	C41	(E)-sesquilavandulol
CS2061	C41	trans-sesquilavandulol
CS2062	C1312	(Z)-sesquilavandulol
CS2063	C1312	cis-sesquilavandulol
CS2064	C1172	(Z)-3-hexenyl octanoate
CS2065	C2166	3-hexenyl butyrate
CS2066	C32	(E)-gamma-bisabolene
CS2067	C1165	(Z)-3-hexenyl butanoate
CS2068	C1165	(Z)-3-hexenyl butyrate
CS2069	C4636	fokienol
CS2070	C3541	butyl tiglate
CS2071	C1611	10-demethylsqualene
CS2072	C871	(E)-2-hexenyl benzoate
CS2073	C872	(E)-2-hexenyl isobutyrate
CS2074	C3359	beta-ionone epoxide
CS2075	C1667	14-hydroxy-9-epi-(E)-caryophyllene
CS2076	C1168	(Z)-3-hexenyl isobutyrate
CS2077	C1452	1-octenyl acetate
CS2078	C56	(Z)-3-hexenyl hexanoate
CS2079	C820	(3E)-hexenyl acetate
CS2080	C820	(E)-3-hexenyl acetate
CS2081	C820	3-hexenyl acetate
CS2082	C4872	hex-3-enyl benzoate
CS2083	C59	(Z)-alpha-bisabolene
CS2084	C59	alpha-bisabolene
CS2085	C59	cis-alpha-bisabolene
CS2086	C849	(E)-1-propenyl propyl trisulfide
CS2087	C1118	(Z)-1-propenyl propyl trisulfide
CS2088	C4282	dihydroaplotaxene
CS2089	C3130	aplotaxene
CS2090	C5479	methyl (Z)-4-octenoate
CS2091	C1194	(Z)-4-octenyl acetate
CS2092	C1195	(Z)-4-octenyl butyrate
CS2093	C912	(E)-4-hepten-2-ol
CS2094	C862	(E)-2-dodecenol
CS2095	C862	2-dodecenol
CS2096	C4774	germacren d-4-ol
CS2097	C4774	germacrene-d-4-ol
CS2098	C4774	germacrene d-4-ol
CS2099	C6440	spilanthol
CS2100	C4741	geranyl benzoate
CS2101	C1138	(Z)-2-nonenal
CS2102	C1124	(Z)-2-decenal
CS2103	C6948	neryl formate
CS2104	C1157	(Z)-3-hexenoic acid
CS2105	C3789	cinnamyl butyrate
CS2106	C4750	geranyl propanoate
CS2107	C4750	geranyl propionate
CS2108	C285	amyl cinnamate
CS2109	C405	cinnamyl isovalerate
CS2110	C591	geranyl butyrate
CS2111	C591	geranyl n-butyrate
CS2112	C3215	benzyl crotonate
CS2113	C73	(Z)-nerolidol
CS2114	C73	d-nerolidol
CS2115	C6916	z-nerolidyl acetate
CS2116	C1130	(Z)-2-heptenal
CS2117	C1185	(Z)-4-decenal
CS2118	C1185	4z-decenal
CS2119	C5530	methyl hexadecenoate
CS2120	C1144	(Z)-2-undecene
CS2121	C1209	(Z)-7-dodecenol
CS2122	C1186	(Z)-4-decenol
CS2123	C914	(E)-6-nonenol
CS2124	C1187	(Z)-4-heptenal
CS2125	C4746	geranyl isovalerate
CS2126	C5115	isogeraniol
CS2127	C2411	4-methyl-4-hepten-3-one
CS2128	C2500	5-hepten-2-one
CS2129	C2515	5-methyl-3-hexen-2-one
CS2130	C906	(E)-3-octenyl acetate
CS2131	C859	(E)-2-decenyl acetate
CS2132	C904	(E)-3-octen-2-one
CS2133	C904	3-octen-2-one
CS2134	C547	ethyl oleate
CS2135	C515	dodecenyl acetate
CS2136	C1162	(Z)-3-hexenyl acetate
CS2137	C1013	(E)-nerolidyl acetate
CS2138	C1013	nerolidyl acetate
CS2139	C1199	(Z)-5-decenyl acetate
CS2140	C6543	thunbergol
CS2141	C2712	9-hexacosene
CS2142	C2438	4-oxo-beta-ionone
CS2143	C4511	ethyl (E)-2-octenoate
CS2144	C5468	methyl (E)-2-hexenoate
CS2145	C903	(E)-3-nonene
CS2146	C2664	8-dodecenol
CS2147	C1214	(Z)-9-tetradecenal
CS2148	C2256	3-octen-1-ol
CS2149	C2256	3-octenol
CS2150	C1301	(Z)-octadec-9-enal
CS2151	C5480	methyl (Z)-9-octadecenoate
CS2152	C5480	methyl (Z)-9-oleate
CS2153	C5480	methyl oleate
CS2154	C2665	8-heptadecene
CS2155	C1126	(Z)-2-dodecene
CS2156	C897	(E)-3-hepten-2-one
CS2157	C897	3-hepten-2-one
CS2158	C212	9-octadecene
CS2159	C2490	5-eicosene
CS2160	C1178	(Z)-3-nonenol
CS2161	C885	(E)-2-pentenal
CS2162	C885	pent-2-enal
CS2163	C885	pentenal
CS2164	C4509	ethyl (E)-2-hexenoate
CS2165	C3524	butyl angelate
CS2166	C1141	(Z)-2-pentenol
CS2167	C886	(E)-2-pentenol
CS2168	C886	2-pentenol
CS2169	C879	(E)-2-nonen-1-ol
CS2170	C879	2-nonene-1-ol
CS2171	C9	(E)-2-decenol
CS2172	C9	2-decenol
CS2173	C1174	(Z)-3-hexenyl propanoate
CS2174	C4752	geranyl valerate
CS2175	C4747	geranyl linalool
CS2176	C4747	geranyllinalool
CS2177	C3895	cis-farnesal
CS2178	C1819	2-methyl-2-pentenoic acid
CS2179	C736	methyl geranate
CS2180	C736	methyl geraniate
CS2181	C5553	methyl nerate
CS2182	C5553	methyl nerolate
CS2183	C5770	neryl propionate
CS2184	C5766	neryl isobutyrate
CS2185	C4742	geranyl caproate
CS2186	C4742	geranyl hexanoate
CS2187	C4742	neryl caproate
CS2188	C3527	butyl crotonate
CS2189	C938	(E)-beta-damascenone
CS2190	C938	beta-damascenone
CS2191	C6384	sesquirosefuran
CS2192	C2271	3-pentene-2-ol
CS2193	C4924	hotrienol
CS2194	C1816	2-methyl-2-butenol
CS2195	C4535	ethyl linolenate
CS2196	C1210	(Z)-9-hexadecenol
CS2197	C1170	(Z)-3-hexenyl isovalerate
CS2198	C1170	cis-3-hexenyl isovalerate
CS2199	C1175	(Z)-3-hexenyl valerate
CS2200	C1173	(Z)-3-hexenyl phenylacetate
CS2201	C55	(Z)-3-hexenyl benzoate
CS2202	C55	cis-3-hexenylbenzoate
CS2203	C6252	propyl tiglate
CS2204	C3790	cinnamyl tiglate
CS2205	C596	geranyl tiglate
CS2206	C5473	methyl (E)-dec-2-enoate
CS2207	C5836	ocimenol
CS2208	C225	allo-ocimene
CS2209	C225	alloocimene
CS2210	C225	trans-allo-ocimene
CS2211	C79	(Z)-tagetone
CS2212	C2435	4-octen-3-one
CS2213	C2265	3-oxo-alpha-ionol
CS2214	C4142	davana ether
CS2215	C6713	trans-nuciferol
CS2216	C2977	alpha-irone
CS2217	C6935	neo-allo-ocimene
CS2218	C4130	d-Germacrene
CS2219	C3357	beta-ionol
CS2220	C2180	3-methoxycinnamaldehyde
CS2221	C3783	cinerolone
CS2222	C939	(E)-beta-damascone
CS2223	C939	beta-damascone
CS2224	C2493	5-epi-aristolochene
CS2225	C2568	6-methyl-3-hepten-2-one
CS2226	C1222	(Z)-alpha-ocimene
CS2227	C2198	3-methyl-2-octene
CS2228	C883	(E)-2-octenyl acetate
CS2229	C5275	lavandulol
CS2230	C6921	zerumbone
CS2231	C911	(E)-4-decenal
CS2232	C34	(E)-ligustilide
CS2233	C594	geranyl isobutyrate
CS2234	C2167	3-hexenyl formate
CS2235	C4749	geranyl octanoate
CS2236	C30	(E)-citronellyl tiglate
CS2237	C6680	trans-isolongifolanone
CS2238	C6557	thymoquinol dimethylether
CS2239	C1139	(Z)-2-octenal
CS2240	C4279	dihydroagarofuran
CS2241	C5364	lyratyl acetate
CS2242	C7156	verbenene
CS2243	C3763	cedroxide
CS2244	C442	cis-sabinene hydrate acetate
CS2245	C445	cis-verbenyl acetate
CS2246	C5322	linalool oxide acetate (pyranoid)
CS2247	C5322	trans-linalool oxide acetate (pyranoid)
CS2248	C6756	trans-sabinene hydrate acetate
CS2249	C3167	artedouglosia oxide a
CS2250	C3166	artedouglasia oxide c
CS2251	C1006	(E)-linalool oxide (pyranoid)
CS2252	C7129	trans-pinene hydrate
CS2253	C4298	dihydroedulan ii
CS2254	C5244	khusimone
CS2255	C4466	eremophyllene
CS2256	C7142	trans-verbenyl acetate
CS2257	C1016	(E)-nuciferyl acetate
CS2258	C1016	n-nuciferyl acetate
CS2259	C43	(E)-tagetenone
CS2260	C78	(Z)-tagetenone
CS2261	C6342	selin-11-en-4-ol
CS2262	C4009	cis-sesquisabinene hydrate
CS2263	C3495	bornyl angelate
CS2264	C1652	11-selinen-4-ol
CS2265	C3496	bornyl benzoate
CS2266	C6194	pinocampheol
CS2267	C1293	(Z)-methyl cinnamate
CS2268	C1293	methyl (Z)-cinnamate
CS2269	C4006	cis-sabinyl acetate
CS2270	C227	alpha-alaskene
CS2271	C6930	zonarene
CS2272	C6186	phytol acetate
CS2273	C3915	cis-linalool oxide (pyranoid)
CS2274	C1131	(Z)-2-hexenal
CS2275	C884	(E)-2-pentadecenal
CS2276	C6277	rosefuran epoxide
CS2277	C5114	isogeranial
CS2278	C2169	3-hydroxy-4-phenyl-2-butanone
CS2279	C6540	thujopsadiene
CS2280	C1620	10-epi-eudesmol
CS2281	C1257	(Z)-cinnamaldehyde
CS2282	C7111	trans-calamenene
CS2283	C4147	davanone b
CS2284	C5767	neryl isovalerate
CS2285	C7136	trans-sabinol
CS2286	C1251	(Z)-calamenene
CS2287	C1251	calamenene
CS2288	C1251	cis-calamenene
CS2289	C1632	10-nor-calamenen-10-one
CS2290	C4798	gleenol
CS2291	C1808	2-methoxy-6-methylacetophenone
CS2292	C5550	methyl myrtenate
CS2293	C6670	trans-epoxyocimene
CS2294	C5091	isocedrol
CS2295	C3837	cis-bejarol
CS2296	C1015	(E)-nuciferal
CS2297	C39	(E)-nuciferol
CS2298	C1017	(E)-nuciferyl formate
CS2299	C74	(Z)-nuciferal
CS2300	C5647	myrtenyl formate
CS2301	C6613	trans-anhydrolinalool oxide
CS2302	C6619	trans-ascaridole
CS2303	C2705	9-epi-(E)-caryophyllene
CS2304	C1255	(Z)-caryophyllene
CS2305	C1255	9-epi-caryophyllene
CS2306	C919	(E)-alpha-bergamotene
CS2307	C919	trans-alpha-Bergamotene
CS2308	C1311	(Z)-salvene
CS2309	C1311	cis-2-methyl-3-methylenehept-5-ene
CS2310	C1035	(E)-salvene
CS2311	C1035	salvene
CS2312	C1035	trans-2-methyl-3-methylenehept-5-ene
CS2313	C4174	dehydroionene
CS2314	C5888	oplopenone
CS2315	C4772	germacren-4-ol
CS2316	C2149	3-dodecenal
CS2317	C7137	trans-sabinyl acetate
CS2318	C559	exo-fenchyl acetate
CS2319	C2710	9-heptacosene
CS2320	C2720	9-nonacosene
CS2321	C2724	9-pentacosene
CS2322	C2725	9-tetracosene
CS2323	C4428	epi-cedrane
CS2324	C5625	muuroladiene
CS2325	C3165	arteannuic alcohol
CS2326	C3165	cis-arteannuic alcohol
CS2327	C1388	1-endo-bourbonanol
CS2328	C105	10-epi-gamma-eudesmol
CS2329	C1295	(Z)-methyl jasmonate
CS2330	C3765	cembrene
CS2331	C6027	p-mentha-3-en-8-ol
CS2332	C3992	cis-piperitone epoxide
CS2333	C4163	dehydro-sesquicineole
CS2334	C7131	trans-piperitone oxide
CS2335	C6110	pentyl 2-methyl-2-butenoate
CS2336	C5635	myrcenone
CS2337	C5757	neryl-n-heptanoate
CS2338	C5757	neryl heptanoate
CS2339	C1307	(Z)-phytol
CS2340	C1307	cis-phytol
CS2341	C6892	vulgarone
CS2342	C6715	trans-ocimenol
CS2343	C3080	alpha-cedrene
CS2344	C705	linalool propanoate
CS2345	C3870	cis-chrysanthenyl acetate
CS2346	C6758	trans-sabinenehydrate
CS2347	C575	gamma-eudesmol
CS2348	C575	selinenol
CS2349	C1659	13-epi-manoyl oxide
CS2350	C1659	epi-13-manoyl oxide
CS2351	C1659	manoyl oxide
CS2352	C6903	ylangene
CS2353	C4276	dihydroactinidolide
CS2354	C213	abietatriene
CS2355	C213	ar-abietatriene
CS2356	C7115	trans-chrysanthemal
CS2357	C5134	isomenthyl acetate
CS2358	C616	hedycaryol
CS2359	C1004	(E)-linalool oxide
CS2360	C1004	linalool oxide a
CS2361	C1004	trans-linalool oxide
CS2362	C1004	trans-linalool oxide (furanoid)
CS2363	C4638	fragranol
CS2364	C6683	trans-isopulegone
CS2365	C573	gamma-elemene
CS2366	C570	gamma-cadinene
CS2367	C5353	longiborneol
CS2368	C1040	(E)-thujone
CS2369	C4575	eudesm-7(11)-en-4-ol
CS2370	C3931	cis-menthone
CS2371	C3670	carvotanacetone
CS2372	C4794	germacrone
CS2373	C5771	neryl valerate
CS2374	C993	(E)-isomyristicin
CS2375	C993	isomyristicin
CS2376	C993	trans-isomyristicin
CS2377	C5268	lantadene a
CS2378	C3134	apritone
CS2379	C588	geranyl 2-methylbutyrate
CS2380	C6271	reduced lantadene a
CS2381	C4894	hexenyl acetate
CS2382	C6840	valerenic acid
CS2383	C7155	valerenal
CS2384	C4085	curdione
CS2385	C4645	furanodienone
CS2386	C5526	methyl hexadecadienoate
CS2387	C5866	octenol
CS2388	C4351	dodecenol
CS2389	C947	(E)-beta-santalol
CS2390	C947	trans-beta-santalol
CS2391	C4735	geranyl-n-heptanoate
CS2392	C4735	geranyl heptanoate
CS2393	C341	beta-gurjunene
CS2394	C6887	vitispirane
CS2395	C6434	solanone
CS2396	C3075	alpha thujene
CS2397	C5220	junenol
CS2398	C2950	alpha-cyperone
CS2399	C6708	trans-myrtanol
CS2400	C6387	Sesquiterpene
CS2401	C3908	cis-lanceol
CS2402	C946	(E)-beta-ocimene epoxide
CS2403	C946	(E)-myroxide
CS2404	C5720	neo-isopulegol
CS2405	C4429	epi-cedrol
CS2406	C3831	cis-alpha-santalol
CS2407	C3403	beta-santalol
CS2408	C3403	cis-beta-santalol
CS2409	C3182	avocadenofuran
CS2410	C3185	avocadynofuran
CS2411	C3237	beta-elemene
CS2412	C6648	trans-carvyl acetate
CS2413	C338	beta-fenchol
CS2414	C338	beta-fenchyl alcohol
CS2415	C338	exo-fenchol
CS2416	C6332	sclareol oxide
CS2417	C1032	(E)-rose oxide
CS2418	C1032	trans-rose oxide
CS2419	C531	epi-globulol
CS2420	C3758	cedrane
CS2421	C4464	eremophilane
CS2422	C598	germacrene a
CS2423	C2812	aliphatics
CS2424	C7154	valencene
CS2425	C6845	valerianol
CS2426	C824	(3Z)-hexenol
CS2427	C3996	cis-pulegol
CS2428	C315	beta-bisabolene
CS2429	C2390	4-isopropylsalicylaldehyde
CS2430	C2376	4-hydroxy-beta-ionone
CS2431	C789	(+)-beta-pinene
CS2432	C3061	alpha-cadinol
CS2433	C5095	isocurcumenol
CS2434	C6985	oplopanone
CS2435	C4943	humulene epoxide ii
CS2436	C4943	humulene oxide ii
CS2437	C205	7-epi-alpha-selinene
CS2438	C6643	trans-calamenen-10-ol
CS2439	C3137	ar-curcumen-15-al
CS2440	C272	alpha-selinene
CS2441	C3090	ambrox
CS2442	C646	hinesol
CS2443	C794	(+)-sabinene
CS2444	C794	alpha-sabinene
CS2445	C352	beta-santalene
CS2446	C1658	13-epi-manool
CS2447	C758	(-)-alloaromadendrene
CS2448	C791	(+)-ledene
CS2449	C791	ledene
CS2450	C791	viridiflorene
CS2451	C5379	maaliol
CS2452	C3326	beta-elemenone
CS2453	C4363	drimenal
CS2454	C5292	liguloxide
CS2455	C6991	patchouli alcohol
CS2456	C5121	isoitalicene
CS2457	C5000	iso-isopulegol
CS2458	C5832	occidol
CS2459	C4283	dihydroartemisinic acid
CS2460	C1243	(Z)-beta-santalol
CS2461	C5470	methyl (E)-2-octenoate
CS2462	C783	(-)-sabinene
CS2463	C6143	pethybrene
CS2464	C60	(Z)-alpha-santalol
CS2465	C787	(+)-aromadendrene
CS2466	C527	epi-beta-santalene
CS2467	C323	beta-cedrene
CS2468	C3913	cis-linalool oxide
CS2469	C3913	linalool oxide b
CS2470	C3141	ar-himachalene
CS2471	C5128	isolongifolene
CS2472	C3069	alpha-zingiberene
CS2473	C5827	occidentalol
CS2474	C5009	isoabienol
CS2475	C4065	cubebol
CS2476	C7139	trans-theaspirane
CS2477	C4918	hinesene
CS2478	C691	kessane
CS2479	C6331	sclarene
CS2480	C6510	tetrahydroaplotaxene
CS2481	C5385	mayurone
CS2482	C2203	3-methyl-3-butenal
CS2483	C1119	(Z)-1-propenyl sec-butyl disulfide
CS2484	C4165	dehydroabietal
CS2485	C1367	1-bisabolone
CS2486	C6326	sativene
CS2487	C2972	alpha-himachalene
CS2488	C4448	epiglobulol
CS2489	C4058	cryptomerione
CS2490	C1147	(Z)-3-dodecenoic acid
CS2491	C6575	torreyol
CS2492	C7161	viridiflorol
CS2493	C530	epi-cubenol
CS2494	C4838	heneicosanal
CS2495	C1238	(Z)-beta-ionone
CS2496	C3862	cis-carvotanacetol
CS2497	C4017	cis-totarol
CS2498	C4536	ethyl methylthioacetate
CS2499	C7104	trans-beta-bergamotene
CS2500	C3254	beta-bergamotene
CS2501	C1668	14-hydroxy-9-epi-caryophyllene
CS2502	C835	(-)-epi-beta-bisabolol
CS2503	C835	epi-beta-bisabolol
CS2504	C4401	endo-1-bourbonanol
CS2505	C3268	beta-bulnesene
CS2506	C4823	guaioxide
CS2507	C3269	beta-cadinol
CS2508	C5079	isocalamendiol
CS2509	C237	alpha-calacorene
CS2510	C3304	beta-costol
CS2511	C2623	7-epi-alpha-eudesmol
CS2512	C2358	4-epi-cubebol
CS2513	C4709	gamma-curcumene
CS2514	C5203	isoshyobunone
CS2515	C6452	sylvestrene
CS2516	C1315	(Z)-thujone
CS2517	C6220	preisocalamendiol
CS2518	C6929	zizanene
CS2519	C3078	alpha-muurolene
CS2520	C3078	muurolene
CS2521	C235	alpha-cadinene
CS2522	C2863	alpha-amyrenone
CS2523	C4126	cyperotundone
CS2524	C470	Cyperene
CS2525	C1234	(Z)-beta-damascenone
CS2526	C4355	dolabradiene
CS2527	C491	delta-elemene
CS2528	C4465	eremophilene
CS2529	C4632	filifolone
CS2530	C584	geijerene
CS2531	C5130	isolongifolol
CS2532	C5614	mustakone
CS2533	C577	gamma-muurolene
CS2534	C6313	sandaracopimarinol
CS2535	C5036	isoascaridole
CS2536	C6754	trans-pulegol
CS2537	C6275	rimuene
CS2538	C6598	trans-4-thujanol
CS2539	C6776	trans-sabinene hydrate
CS2540	C4023	cis-sabinene hydrate
CS2541	C443	cis-sabinol
CS2542	C354	beta-sesquiphellandrene
CS2543	C4988	ipsenone
CS2544	C4520	ethyl 5-hydroxyhexanoate
CS2545	C786	(+)-alpha-thujene
CS2546	C2797	acorenone
CS2547	C6751	trans-piperitone epoxide
CS2548	C5204	isothujanol
CS2549	C5764	neryl hexanoate
CS2550	C5961	p-menth-1-en-7-ol
CS2551	C2516	5-methyl-5-hepten-2-one
CS2552	C1730	2-decylfuran
CS2553	C1744	2-ethyl-3-methylnaphthalene
CS2554	C3482	bisabolol oxide a
CS2555	C4647	furanogermenone
CS2556	C6925	zingiberenol
CS2557	C4302	dihydroencecalin
CS2558	C3962	cis-p-menth-2-en-7-ol
CS2559	C780	(-)-spathulenol
CS2560	C1608	10-acetoxyneryl acetate
CS2561	C179	3-thujopsanone
CS2562	C359	bicyclogermacrene
CS2563	C76	(Z)-p-menth-2-en-1-ol
CS2564	C76	cis-p-menth-2-ene-1-ol
CS2565	C76	cis-p-mentha-2-en-1-ol
CS2566	C76	cis-para-menth-2-en-1-ol
CS2567	C76	cis-para-menth-2-ene-1-ol
CS2568	C6412	silphin-1-ene
CS2569	C5164	isopimaradiene
CS2570	C5774	nezukol
CS2571	C3442	beta-curcumene
CS2572	C4856	hepten-2-ol
CS2573	C2868	alpha-barbatene
CS2574	C4686	gamma-humulene
CS2575	C4669	gamma-calacorene
CS2576	C3377	beta-oplopenone
CS2577	C685	isospathulenol
CS2578	C4124	cyperol
CS2579	C2550	6-camphenone
CS2580	C771	(-)-italicene ether
CS2581	C771	italicene ether
CS2582	C2501	5-hydroxy-p-menth-6-en-2-one
CS2583	C3253	beta-barbatene
CS2584	C4333	dipropyl pentasulfide
CS2585	C5565	methyl perillate
CS2586	C6406	sibirene
CS2587	C4079	curcumanolide a
CS2588	C4083	curcumol
CS2589	C5918	p-coumaryl acetate
CS2590	C7034	premnaspirodiene
CS2591	C875	(E)-2-methyl-2-butenyl angelate
CS2592	C3424	beta-vetivenene
CS2593	C4990	ishwarane
CS2594	C3055	alpha-turmerone
CS2595	C4240	deodarone
CS2596	C72	(Z)-myroxide
CS2597	C660	isobazzanene
CS2598	C2458	4(14)-salvialen-1-one
CS2599	C3439	beta farnesene
CS2600	C3439	E-beta-farnesene
CS2601	C3401	beta-santaldiol
CS2602	C2805	albene
CS2603	C605	germacrene-b
CS2604	C1285	(Z)-lanceol
CS2605	C5269	lantadene b
CS2606	C4828	gurjunene
CS2607	C256	alpha-gurjunene
CS2608	C6341	Selin-11-en-4alpha-ol
CS2609	C2495	5-epi-paradisol
CS2610	C4985	intermedeol
CS2611	C4166	dehydroabietol
CS2612	C5970	p-menth-2-en-8-ol
CS2613	C6888	vitispirane a
CS2614	C5214	italicene
CS2615	C4634	flavesone
CS2616	C2813	alismol
CS2617	C1163	(Z)-3-hexenyl angelate
CS2618	C6709	trans-myrtanyl acetate
CS2619	C5230	kaurene
CS2620	C3510	bulnesene
CS2621	C2655	8-acetoxylinalool
CS2622	C3983	cis-pinane
CS2623	C2178	3-mercaptohexylacetate
CS2624	C6157	phenoxy ethanol
CS2625	C2214	3-methylamyl methacrylate
CS2626	C1036	(E)-sesquisabinene hydrate
CS2627	C1036	sesquisabinene hydrate
CS2628	C1036	trans-sesquisabinene hydrate
CS2629	C5979	p-menth-6-en-3-one
CS2630	C6219	pregeijerene
CS2631	C4463	eremoligenol
CS2632	C3834	cis-arbusculone
CS2633	C7053	santolinyl acetate
CS2634	C2803	agarospirol
CS2635	C6165	phenyl ethyl butyrate
CS2636	C3494	bornyl 2-methylbutyrate
CS2637	C4316	dimethoxycoumarin
CS2638	C1754	2-ethylhexenol
CS2639	C3724	caryophylladienol i
CS2640	C6805	trimethylindoline
CS2641	C5841	octadecadienyl acetate
CS2642	C4901	hexyl angelate
CS2643	C4933	humulene epoxide
CS2644	C4933	humulene oxide
CS2645	C4933	humulene oxide i
CS2646	C1849	2-methylbutylacetate
CS2647	C663	isobornyl formate
CS2648	C6395	sh1
CS2649	C5119	isohumulene
CS2650	C7103	trans-alpha-bisabolene
CS2651	C4955	hydroxy calamenene
CS2652	C6385	sesquisabinene
CS2653	C4203	delta-cuprenene
CS2654	C3364	beta-longipinene
CS2655	C7041	rotundene
CS2656	C357	beta-ylangene
CS2657	C4781	germacrene c
CS2658	C229	alpha-aromadendrene
CS2659	C223	allo-aromadendrene
CS2660	C7049	salvial-4(14)-en-1-one
CS2661	C6181	phyllocladanol
CS2662	C4303	dihydroeudesmol
CS2663	C6182	phyllocladene
CS2664	C6413	silphinene
CS2665	C5098	isocyperol
CS2666	C3022	alpha-santaldiol
CS2667	C6920	zedoarol
CS2668	C1619	10-epi-cubebol
CS2669	C6038	p-menthadienol
CS2670	C6391	sesquithujene
CS2671	C540	ethyl dodecenoate
CS2672	C6100	pentadecenoic acid
CS2673	C358	bicycloelemene
CS2674	C2631	7-epi-sesquithujene
CS2675	C1207	(Z)-6-pentadecen-2-one
CS2676	C3302	beta-copaene
CS2677	C5118	isohibaene
CS2678	C5124	isoleptospermone
CS2679	C4472	estragole (methyl chavicol)
CS2680	C7075	terpinen-4-ol acetate
CS2681	C1380	1-cyclohexenylmethylketone
CS2682	C5409	menthyl chavicol
CS2683	C6615	trans-arbusculone
CS2684	C244	alpha-copaene
CS2685	C244	copaene
CS2686	C5840	octadecadienol
CS2687	C3985	cis-pinene
CS2688	C6321	santalone
CS2689	C5897	oxidohimachalene
CS2690	C6272	reduced lantadene b
CS2691	C197	6-hydroxycarvotanacetone
CS2692	C5848	octadienyl formate
CS2693	C5099	isodaucene
CS2694	C6893	vulgarone a
CS2695	C776	(-)-pacifigorgiol
CS2696	C2632	7-epi-silphiperfol-5-ene
CS2697	C5051	isobornyl isovalerate
CS2698	C1960	2-propenylpropyltrisulfide
CS2699	C5358	longifolol
CS2700	C2196	3-methyl-2-butenylacetate
CS2701	C3132	apodophyllone
CS2702	C6461	teresantalal
CS2703	C5768	neryl methacrylate
CS2704	C877	(E)-2-methyl-2-butenyl methacrylate
CS2705	C4630	filifolide a
CS2706	C3885	cis-dihydroagarofuran
CS2707	C3360	beta-isocomene
CS2708	C6741	trans-pinane
CS2709	C876	(E)-2-methyl-2-butenyl isobutyrate
CS2710	C6841	valerenol
CS2711	C3485	bisabolone oxide a
CS2712	C850	(E)-1-propenyl sec-butyl disulfide
CS2713	C4061	cubeban-11-ol
CS2714	C689	italicene epoxide
CS2715	C399	caryophyllenyl alcohol
CS2716	C4116	cycloseychellene
CS2717	C4127	cyprotene
CS2718	C606	germacrene-d
CS2719	C606	isogermacrene d
CS2720	C6231	prezizaene
CS2721	C6090	patchoulene
CS2722	C3675	caryolan-8-ol
CS2723	C3848	cis-cadin-4-en-7-ol
CS2724	C6691	trans-longipinanol
CS2725	C4438	epi-longipinanol
CS2726	C4012	cis-threo-davanafuran
CS2727	C4297	dihydroedulan i
CS2728	C5246	khusinol acetate
CS2729	C6226	presilphiperfol-7-ene
CS2730	C4168	dehydroaromadendrene
CS2731	C224	allo-aromadendrene epoxide
CS2732	C3116	anastreptene
CS2733	C528	epi-bicyclosesquiphellandrene
CS2734	C1651	11-norbourbonan-1-one
CS2735	C7098	torilenol
CS2736	C4063	cubebene
CS2737	C5355	longicamphenylone
CS2738	C6875	viridifloral
CS2739	C1039	(E)-sesquithujene-12-ol
CS2740	C4832	helifolen-12-al
CS2741	C7166	y-curcumenal
CS2742	C2498	5-guaiene-11-ol
CS2743	C4926	humuladienol
CS2744	C6228	presilphiperfolan-8-ol
CS2745	C6422	silphiperfol-6-ene
CS2746	C6416	silphiperfol-5-en-3-ol a
CS2747	C6417	silphiperfol-5-en-3-ol b
CS2748	C1690	15-nor-labdan-8-ol
CS2749	C1623	10-epi-italicene ether
CS2750	C6328	savial-4(14)-en-1-one
CS2751	C6087	paradisiol
CS2752	C832	(-) italicene ether
CS2753	C1037	(E)-sesquithujen-12-al
CS2754	C4837	helifolen-15-al
CS2755	C2461	4(15)-dehydroglobulol
CS2756	C3613	campherenol
CS2757	C5081	isocalamenediol
CS2758	C4573	eudesm-3-en-7-ol
CS2759	C3633	capnellane-8-one
CS2760	C392	caryophylladienol
CS2761	C5209	isotorquatone
CS2762	C2554	6-epi-cubenol
CS2763	C6863	verboccidentafuran
CS2764	C360	bicyclovetivenol
CS2765	C1282	(Z)-isomyristicin
CS2766	C4388	elemenal
CS2767	C5139	isomustakone
CS2768	C6891	vulgarol b
CS2769	C374	calamusenone
CS2770	C5240	khusian-2-ol
CS2771	C3117	androencecalinol
CS2772	C1654	12-nor-caryophyll-5-en-2-one
CS2773	C508	dimyrcene ii-a
CS2774	C3857	cis-calamenen-10-ol
CS2775	C3505	bourbon-11-ene
CS2776	C4574	eudesm-4(15)-ene-6-ol
CS2777	C1041	(E)-thujopsene
CS2778	C5113	isogeijerene
CS2779	C5599	mintoxide
CS2780	C6392	sesquithuriferol
CS2781	C452	clovenol
CS2782	C3777	chrysanthenone epoxide
CS2783	C6421	silphiperfol-6-en-5-one
CS2784	C3886	cis-dihydrocarveol
CS2785	C1609	10-acetoxyneryl isobutyrate
CS2786	C6562	thymyl methacrylate
CS2787	C5321	linalool oxide acetate
CS2788	C371	cadinol
CS2789	C4436	epi-laurenene
CS2790	C5031	isoaromadendrene
CS2791	C1250	(Z)-calacorene
CS2792	C1394	1-epi-cubebol
CS2793	C529	epi-cubebol
CS2794	C2764	abienol
CS2795	C5034	isoaromadendrene oxide
CS2796	C5200	isorotundene
CS2797	C5221	junicedranol
CS2798	C2555	6-epi-shyobunone
CS2799	C6305	salviadienol
CS2800	C4983	indipone
CS2801	C4927	humuladienone
CS2802	C3400	beta-santalal
CS2803	C3365	beta-maaliene
CS2804	C5825	occidenol
CS2805	C4572	eudesm-3-en-6-ol
CS2806	C4682	gamma-eudesmol acetate
CS2807	C250	alpha-eudesmol acetate
CS2808	C1715	2-butenyl angelate
CS2809	C3183	avocadienofuran
CS2810	C4621	faurinone
CS2811	C4218	delta-patchoulene
CS2812	C2489	5-cedranone