Compound	Cleaned_cmpnames	WIKIDATA_query	WIKIDATA_id	notes	PubChem_CID	PubChem_cmpdname	
butanoic acid	butanoic acid	butyric acid	Q193213		264	Butyric acid	
cumarin	cumarin	coumarin	Q111812		323	Coumarin	
para-cymen-7-ol	para-cymen-7-ol				325	4-Isopropylbenzyl alcohol	
p-cymen-7-ol	p-cymen-7-ol				325	4-Isopropylbenzyl alcohol	
cuminaldehyde	cuminaldehyde	cuminaldehyde	Q419952		326	4-Isopropylbenzaldehyde	
cuminal	cuminal	cuminaldehyde	Q419952		326	4-Isopropylbenzaldehyde	
octanal	octanal	caprylaldehyde	Q416673		454	Octanal	
indol	indol	indole	Q319541		798	Indole	
octanol	octanol	caprylic alcohol	Q161666		957	1-Octanol	
octilin	octilin	caprylic alcohol	Q161666		957	1-Octanol	
palmitic acid	palmitic acid	palmitic acid	Q209727		985	Palmitic acid	
palmitic acidb,c	palmitic acid	palmitic acid	Q209727		985	Palmitic acid	
2-phenyl-acetaldehyde	2-phenyl-acetaldehyde	(2E)-2-phenyl-2-butenal	Q27162088		998	Phenylacetaldehyde	
ascabiol	ascabiol				2345	Benzyl benzoate	
bornan-2-one	bornan-2-one	(S)-camphor	Q27095844		2537	Camphor	
camphor	camphor	camphor	Q181559		2537	Camphor	
dl-camphor	dl-camphor	DL-Camphor	Q72515036	Check for isonerism.	2537	Camphor	
a-pinene	alpha-pinene	(-)-alpha-pinene	Q300852		2537	ALPHA-PINENE	
hexadecanol	hexadecanol	cetyl alcohol	Q161632		2682	1-Hexadecanol	
eucalyptol	eucalyptol	eucalyptol	Q161572		2758	Eucalyptol	
decanoic acid	decanoic acid	capric acid	Q422613	Synonyms	2969	Decanoic acid	
deet	deet	diethyltoluamide	Q408389	synonym. check for terpene.	4284	N,N-Diethyl-3-methylbenzamide	
safrole	safrole	safrole	Q412424		5144	Safrole	
stearic acid	stearic acid	stearic acid	Q209685		5281	Stearic acid	
lactone	lactone	lactone	Q59078		5585	Trioxsalen	
cholesterol	cholesterol	cholesterol	Q43656		5997	Cholesterol	
phenyl ethyl alcohol	phenyl ethyl alcohol	phenylethyl alcohol	Q209463		6054	2-Phenylethanol	
n-hexanal	n-hexanal	hexanal	Q420698		6184	Hexanal	
cyclopropane	cyclopropane	cyclopropane	Q80250		6351	Cyclopropane	
ethylene oxide	ethylene oxide	ethylene oxide	Q407473		6354	Ethylene oxide	
linalool	linalool	(+/-)-linalool	Q410932	(+)-linalool (Q27105233). Check for isonerism.	6549	Linalool	
β-linalool	beta-linalool	(+/-)-linalool	Q410932		6549	beta-linalool	
α–pinene	alpha-pinene	(+)-α-pinene	Q2095629	(-)-alpha-pinene (Q300852). Check for isomerism.	6654	alpha-pinene	
α-pinene	alpha-pinene	(+)-α-pinene	Q2095629		6654	alpha-Pinene	
diisobutyl phthalate	diisobutyl phthalate	diisobutyl phthalate	Q162259		6782	Diisobutyl phthalate	
β-guaiene	beta-guaiene	(1S,4S)-β-guaiene	Q27252250		6949	beta-guaiene	
piperitone	piperitone	DL-piperitone	Q2041498	Check for isonerism.	6987	Piperitone	
thymol	thymol	thymol	Q408883		6989	Thymol	
salicylaldehyde	salicylaldehyde	salicylaldehyde	Q414492		6998	Salicylaldehyde	
2-methyl naphthalene	2-methyl naphthalene				7055	2-Methylnaphthalene	
methyleugenol	methyl eugenol	methyl eugenol	Q419829	Check for isonerism.	7127	Methyleugenol	
eugenol acetate	eugenol acetate	eugenol acetate	Q27116129		7136	Acetyleugenol	
benzoyl benzoate	benzoyl benzoate	benzoic anhydride	Q11567424		7167	Benzoic anhydride	
allyl methacrylate	allyl methacrylate	allyl methacrylate	Q2718014		7274	Allyl methacrylate	
furfural	furfural	furfural	Q412429		7362	Furfural	
and carvone	carvone	(±)-carvone	Q416800		7439	Carvone	
α-phellandrene	alpha-phellandrene	(-)-α-phellandrene	Q25933788	(+)-α-phellandrene (Q25933668). Check for isomerism.	7460	alpha-phellandrene	
α –phellandrene	alpha-phellandrene	(-)-α-phellandrene	Q25933788	(+)-α-phellandrene (Q25933668). check for isomerism.	7460	alpha-Phellandrene	
γ-terpinene	gamma-terpinene	γ-terpinene	Q423975		7461	gamma-terpinene	
α-terpinene	alpha-terpinene	α-terpinene	Q423851		7462	alpha-Terpinene	
paracymene	paracymene				7463	P-Cymene	
p-cymene	p-cymene	p-cymene	Q284072		7463	P-Cymene	
cyclopentadiene	cyclopentadiene	cyclopentadiene	Q424390		7612	Cyclopentadiene	
benzenepropanal	benzenepropanal				7707	3-Phenylpropanal	
ethylhexanol	ethylhexanol	2-ethylhexanol	Q209388		7720	2-Ethylhexanol	
isoamyl propionate	isoamyl propionate	isoamyl propionate	Q10869280		7772	Isoamyl propionate	
citronella	citronella				7794	Citronellal	
m-diaminobenzene	m-diaminobenzene	m-phenylenediamine	Q2410205		7935	m-Phenylenediamine	
acetonyl acetone	acetonyl acetone	acetonylacetone	Q209264		8035	2,5-Hexanedione	
isobutyl acetate	isobutyl acetate	isobutyl acetate	Q420657		8038	Isobutyl acetate	
n-pentanal	n-pentanal	pentanal	Q420652		8063	Pentanal	
hexan-1-ol	hexan-1-ol	1-hexanol	Q76933		8103	1-Hexanol	
n-heptanal	n-heptanal	heptanal	Q425827		8130	Heptanal	
nonane	nonane	nonane	Q150694		8141	Nonane	
octyl acetate	octyl acetate	octyl acetate	Q2173897		8164	Octyl acetate	
1-decanol	1-decanol	decyl alcohol	Q47118		8174	1-Decanol	
n-decanal	n-decanal	decanal	Q903525		8175	Decanal	
linalyl acetate	linalyl acetate	(Â±)-linalyl acetate	Q188314		8294	Linalyl acetate	
bergamiol	bergamiol				8294	Linalyl acetate	
p-methylacetophenone	p-methylacetophenone	p-methyl acetophenone	Q2816673		8500	4'-Methylacetophenone	
(e)-β-terpineol	(E)-beta-terpineol	cis-β-terpineol	Q27288363		8748	(E)-beta-terpineol	
cis-β-terpineol	cis-beta-terpineol	cis-β-terpineol	Q27288363		8748	cis-beta-terpineol	
β-terpineol	beta-terpineol	cis-β-terpineol	Q27288363	trans-β-terpineol (Q27261256). Check for isomerism.	8748	beta-terpineol	
estragole	estragole	estragole	Q419495		8815	Estragole	
p-allylanisole	p-allylanisole	estragole	Q419495		8815	Estragole	
methyl chavicol	methyl chavicol	estragole	Q419495		8815	Estragole	
citronellol	citronellol	(+/-)-Î²-citronellol	Q27122080	(S)-Î²-citronellol (Q27105229) ; (R)-Î²-citronellol (Q418813). Isomerism.	8842	Citronellol	
β-citronellol	beta-citronellol	(+/-)-β-citronellol	Q27122080		8842	beta-citronellol	
n-hexyl acetate	n-hexyl acetate	hexyl acetate	Q418672		8908	Hexyl acetate	
citronellol acetate	citronellol acetate	citronellyl acetate	Q27138814		9017	Citronellyl acetate	
δ-amorphene	delta-amorphene	(+)-δ-cadinene	Q27089406		10223	Delta-amorphene	
(+/-)-norephedrine	(+/-)-norephedrine	(+)-phenylpropanolamine	Q413147		10297	(-)-Norephedrine	
cyclooctanone	cyclooctanone	cyclooctanone	Q20054504		10403	Cyclooctanone	
isovaleric acid	isovaleric acid	isovaleric acid	Q415536		10430	Isovaleric acid	
orcinol	orcinol	orcinol	Q412476		10436	Orcinol	
ascaridole	ascaridole	ascaridole	Q419442		10545	Ascaridole	
myrtenol	myrtenol	Myrtenol	Q15425810		10582	Myrtenol	
β-cadinene	beta-cadinene	β-cadinene	Q27103285		10657	beta-cadinene	
apiol	apiol	apiole	Q21071561		10659	Apiole	
2-isopropyltoluene	2-isopropyltoluene	p-cymene	Q284072		10703	O-Cymene	
β-cymene	beta-cymene	cymenes	Q2672403		10812	beta-cymene	
perillyl alcohol	perillyl alcohol	perillyl alcohol	Q15391928		10819	Perillyl alcohol	
tetradecanoic acid	tetradecanoic acid	myristic acid	Q422658		11005	Myristic acid	
trans-pinocamphone	trans-pinocamphone				11038	3-Pinanone	
β-phellandrene	beta-phellandrene	β-phellandrene	Q19606727		11142	beta-phellandrene	
glycidol	glycidol	glycidol	Q418265		11164	Glycidol	
l-4-terpineol	l-4-terpineol	(+/-)-4-terpineol	Q416114		11230	Terpinen-4-ol	
terpinene-4-ol	terpinene-4-ol	(+/-)-4-terpineol	Q416114		11230	Terpinen-4-ol	
terpinen-4-ol	terpinen-4-ol	(+/-)-4-terpineol	Q416114		11230	Terpinen-4-ol	
terpinolene	terpinolene	terpinolene	Q2405051		11463	Terpinolene	
eugenolmethylether	eugenolmethylether				11463	alpha-terpinolene	
α-terpinolene	alpha-terpinolene	terpinolene	Q2405051	isomerism.	11463	alpha-Terpinolene	
γ-terpineol	gamma-terpineol	γ-terpineol	Q27155106		11467	gamma-terpineol	
terpin-3-en-1-ol	terpin-3-en-1-ol				11468	p-Menth-3-en-1-ol	
2-methyl butyl acetate	2-methyl butyl acetate	isobutyl acetate	Q420657		12209	2-Methylbutyl acetate	
2-methylbutyl acetate	2-methylbutyl acetate	2-methylbutyl acetate	Q2823828		12209	2-Methylbutyl acetate	
2-pentyl acetate	2-pentyl acetate	2-pentyl acetate	Q2180922		12278	1-Methylbutyl acetate	
tetradecane	tetradecane	tetradecane	Q150808		12389	Tetradecane	
nonadecane	nonadecane	Nonadecane	Q150911		12401	Nonadecane	
1-eicosanol	1-eicosanol	icosan-1-ol	Q4783532		12404	1-Eicosanol	
pentacosane	pentacosane	pentacosane	Q151007		12406	Pentacosane	
tricosane	tricosane	tricosane	Q150977		12534	Tricosane	
tetracosane	tetracosane	tetracosane	Q150988		12592	Tetracosane	
isopentyl isovalerate	isopentyl isovalerate				12613	Isoamyl isovalerate	
δ-decalactone	delta-decalactone	δ-decalactone	Q27159530		12810	Delta-decalactone	
decyne	decyne	1-decyne	Q3486511		12997	1-Decyne	
fenchone	fenchone	Fenchone	Q414784		14525	Fenchone	
p-cymen-8-ol	p-cymen-8-ol	p-cymen-8-ol	Q27265496		14529	2-(4-Methylphenyl)propan-2-ol	
β-pinene	beta-pinene	beta-pinene	Q300928		14896	beta-pinene	
himachalene	himachalene	Î²-himachalene	Q27121532	gamma-himachalene (Q27121544). Check for isonerism.	15095	beta-Himachalene	
2-methyltetradecane	2-methyltetradecane				15268	2-Methyltetradecane	
allyltoluene	allyltoluene				15317	1-Allyl-2-methylbenzene	
(+)-fenchol	(+)-fenchol	fenchol	Q417941		15406	Fenchol	
2-fenchanol	2-fenchanol	(-)-Î±-fenchyl alcohol	Q27089421		15406	Fenchol	
n-decane	n-decane	decane	Q150717		15600	Decane	
t-butylhydroquinone	tert-butylhydroquinone	tert-butylhydroquinone	Q662443	Check for isomerism.	16043	Tert-Butylhydroquinone	
allyl trisulfide	allyl trisulfide	allyl trisulfide	Q17148332		16315	Diallyl trisulfide	
perillic aldehyde	perillic aldehyde	perillaldehyde	Q3117895		16441	Perillaldehyde	
diallyl disulfide	diallyl disulfide	allyl disulfide	Q419633		16590	Diallyl disulfide	
isopentyl hexanoate	isopentyl hexanoate	isoamyl hexanoate	Q27159714		16617	Isopentyl hexanoate	
d-carvone	d-carvone	(Â±)-carvone	Q416800		16724	d-Carvone	
terpineol	terpineol	terpineol	Q420786		17100	alpha-TERPINEOL	
eudesma 5-en-11-α-ol	eudesma 5-en-11-α-ol				17100	alpha-terpineol	
α-terpinenol	alpha-terpinenol	(+/-)-4-terpineol	Q416114	alpha-terpineol (Q27109437) : alpha-Terpinenol. Isomerism.	17100	alpha-terpinenol	
α-terpineol	alpha-terpineol	alpha-terpineol	Q15724770		17100	alpha-Terpineol	
1-octen-3 yl acetate	1-octen-3-yl acetate	1-octen-3-yl acetate	Q15927659		17121	1-Octen-3-yl acetate	
origanene	origanene	alpha-thujene	Q27121796		17868	alpha-Thujene	
alpha-thujene	alpha-thujene	alpha-thujene	Q27121796		17868	alpha-Thujene	
α-thujene	alpha-thujene	alpha-thujene	Q27121796		17868	alpha-thujene	
β-butyrolactone	beta-butyrolactone	β-butyrolactone	Q27155863		18303	beta-butyrolactone	
p-thymol	p-thymol	thymol	Q408883		18597	4-Isopropyl-3-methylphenol	
oct-1-en-3-ol	oct-1-en-3-ol	oct-1-en-3-ol	Q161667		18827	1-Octen-3-OL	
neomenthol	neomenthol	(+)-neomenthol	Q27089418	Check for isonerism.	19243	Neomenthol	
2-pentylfuran	2-pentylfuran	2-amylfuran	Q27161382		19602	2-Pentylfuran	
furan, 2-pentyl-	2-pentyl-furan	2-amylfuran	Q27161382		19602	2-Pentyl-furan	
p-isobutyltoluene	p-isobutyltoluene				21240	Benzene, 1-methyl-4-(2-methylpropyl)-	
(e)-dihydrocarvone	(e)-dihydrocarvone	(-)-dihydrocarvone	Q27105270	Check for stereoisomerism.	22227	d-Dihydrocarvone	
cis-linalool oxide (furanoid)	cis-linalool oxide 	cis-linalool oxide	Q27160941		22310	2-Methyl-2-vinyl-5-(1-hydroxy-1-methylethyl)tetrahydrofuran	
limonene	limonene	(Â±)-limonene	Q278809		22311	Limonene	
α-limonene	alpha-limonene	(±)-limonene	Q278809	isomerism.	22311	alpha-limonene	
methyl decyl ketone	methyl decyl ketone	2-dodecanone	Q27161470		22556	2-Dodecanone	
silane	silane	silane	Q410572		23953	Silane	
pentadec-1-ene	pentadec-1-ene	1-pentadecene	Q3374882		25913	1-Pentadecene	
δ-3-carene	delta-3-carene	carene	Q19414		26049	Delta-3-carene	
menthone	menthone	Menthone	Q54015201		26447	Menthone	
p-menthone	p-menthone	Menthone	Q54015201		26447	Menthone	
β-bisabolol	beta-bisabolol	β-bisabolol	Q27283109		27208	beta-bisabolol	
rose oxide	rose oxide	rose oxide	Q417155		27866	Rose oxide	
α-fenchene	alpha-fenchene	(−)-α-fenchene	Q24791131	(+)-α-fenchene (Q24791135). Check for isomerism.	28930	alpha-fenchene	
d-verbenone	d-verbenone	verbenone	Q421151	(-)-verbenone (Q6535827)	29025	4,6,6-Trimethylbicyclo[3.1.1]hept-3-en-2-one	
anisyl methyl ketone	anisyl methyl ketone				31231	4-Methoxyphenylacetone	
hydrocinnamic alcohol	hydrocinnamic alcohol	3-phenyl-1-propanol	Q27160792		31234	3-Phenyl-1-propanol	
p-anisaldehyde	p-anisaldehyde	p-anisaldehyde	Q174937		31244	4-Methoxybenzaldehyde	
myrcene	myrcene	myrcene	Q424577		31253	Myrcene	
β-myrcene	beta-myrcene	myrcene	Q424577		31253	beta-myrcene	
isopentyl acetate	isopentyl acetate	isoamyl acetate	Q221307		31276	Isoamyl acetate	
n-nonanal	n-nonanal	nonanal	Q419668		31289	Nonanal	
nonanal	nonanal	nonanal	Q419668		31289	Nonanal	
2-methyldodecan-1-ol	2-methyldodecan-1-ol				42265	2-Methyl-1-dodecanol	
octylbutyrate	octyl butyrate	octyl butyrate	Q27161916		61030	octyl Butyrate	
linalylpropionate	linalyl propionate	linalyl propionate	Q27274686		61098	Linalyl Propionate	
caryophyllenol	caryophyllenol	caryophyllenol i	Q27236187		61125	beta-Caryophyllene alcohol	
verbenol	verbenol	cis-Verbenol	Q73801834	(S)-cis-verbenol (Q27293968) ; (R)-cis-verbenol (Q27289517) . Check for isomerism.	61126	Verbenol	
theaspirane	theaspirane	Theaspirane	Q27161796		61953	2,6,10,10-Tetramethyl-1-oxaspiro[4.5]dec-6-ene	
p-cymenene	p-cymenene	p-Î±-dimethyl styrene	Q27162104		62385	1-Methyl-4-(prop-1-en-2-yl)benzene	
β-bourbonene	beta-bourbonene	beta-Bourbonene	Q27160892		62566	beta-bourbonene	
isoborneol	isoborneol	(+)-borneol	Q412435		64685	Isoborneol	
trans-pinocarveol (14.7)a. oliveriana:borneol	borneol				64685	Borneol	
cedrol	cedrol	cedrol	Q1052617		65575	Cedrol	
(+)-cedrol	(+)-cedrol	cedrol	Q1052617		65575	Cedrol	
pseudolimonen	pseudolimonen				68140	1-Methylene-4-(1-methylvinyl)cyclohexane	
artemisia ketone	artemisia ketone				68346	3,3,6-Trimethylhepta-1,5-dien-4-one	
cyclopentanone, 2-cyclopentylidene	2-cyclopentylidene cyclopentanone				69995		
1h–imidazole, 2-ethyl-4-methyl-	2-ethyl-4-methyl-1h-imidazole				70262	2-Ethyl-4-methyl-1h-imidazole	
2-acetyl-6-methoxynaphthalene	2-acetyl-6-methoxynaphthalene	2-acetyl-6-methoxynaphthalene	Q27263377		77506	2-Acetyl-6-methoxynaphthalene	
δ-terpineol	delta-terpineol	terpineol	Q420786	Isomerism.	81722	Delta-terpineol	
α-trans-bergamotene	alpha-trans-bergamotene	(E)-(-)-α-bergamotene	Q27132147		86608	alpha-trans-bergamotene	
iso-pinocamphone	iso-pinocamphone				86707	3,5,5-Trimethylbicyclo[2.2.1]heptan-2-one	
p-menth-1-en-9-ol	p-menth-1-en-9-ol	p-menth-1-en-9-ol	Q27261954		86753	p-Menth-1-en-9-ol	
(s)-cis-verbenol	(S)-cis-verbenol	(S)-cis-verbenol	Q27293968		87839	(S)-cis-Verbenol	
trans-pinocarveol	trans-pinocarveol	trans-(-)-pinocarveol	Q27156713		88302	trans-Pinocarveol	
davanone d	davanone d				88556	Davanone D	
isobornyl propionate	isobornyl propionate	isobornyl propionate	Q27268818		89306	Isobornyl propionate	
phellandral	phellandral	phellandral	Q27285352		89488	Phellandral	
α-acoradiene	alpha-acoradiene				90351	alpha-acoradiene	
γ-gurjunene	gamma-gurjunene	gamma-gurjunene	Q67880022		90805	gamma-gurjunene	
aromadendrene	aromadendrene	allo-aromadendrene	Q67879598		91354	Aromadendrene	
aromandendrene	aromandendrene				91354	Aromadendrene	
trans-thujone	trans-thujone	Î²-thujone	Q27121861		91456	beta-Thujone	
β-thujone	beta-thujone	β-thujone	Q27121861		91456	beta-thujone	
β-eudesmol	beta-eudesmol	β-eudesmol	Q27108630		91457	beta-eudesmol	
sobrerol	sobrerol	Sobrerol	Q3963210		91463	Sobrerol	
limonene epoxide	limonene epoxide	limonene 1,2-epoxide	Q27101901	(4S)-Limonene-1,2-epoxide (Q27155805). Check for isonerism.	91496	Limonene oxide	
limoneneoxide	limonene oxide	cis-(-)-limonene oxide	Q27253522	trans-(-)-limonene oxide (Q27272568) ; trans-(+)-limonene oxide (Q27104515)	91496	Limonene oxide	
α-pinene oxide	alpha-pinene oxide	alpha-pinene oxide	Q27104051		91508	alpha-pinene oxide	
elemol	elemol	elemol	Q27282855		92138	Elemol	
ar-curcumene	ar-curcumene	Î±-curcumene	Q27132148		92139	alpha-Curcumene	
α-curcumene	alpha-curcumene	α-curcumene	Q27132148		92139	alpha-curcumene	
α-ethyl-p-methoxybenzyl alcohol	alpha-ethyl-p-methoxybenzyl alcohol				92218	alpha-ethyl-p-methoxybenzyl alcohol	
α-eudesmol	alpha-eudesmol	α-eudesmol	Q27108609		92762	alpha-eudesmol	
bornyl-acetate	bornyl-acetate	(±)-bornyl acetate	Q780165		93009	2-Camphanol acetate	
endobornylacetate	endo-bornyl acetate				93009	Endo-bornyl Acetate	
β-cubebene	beta-cubebene	beta-cubebene	Q27108624		93081	beta-cubebene	
α-cyclocitral	alpha-cyclocitral	α-cyclocitral	Q27266437		94143	alpha-cyclocitral	
α-santalene	alpha-santalene	(+)-alpha-santalene	Q27131275		94164	alpha-santalene	
δ-guaiene	delta-guaiene	guaienes	Q56010321	isomerism.	94275	Delta-guaiene	
α-bulnesene	alpha-bulnesene			beta-bulnesene (Q67879714). isomerism	94275	alpha-bulnesene	
2-methyl-3-phenyl-propanal	2-methyl-3-phenyl-propanal				95593	2-Methyl-3-phenylpropanal	
6-methylheptan-2-ol	6-methylheptan-2-ol	(2S)-6-Methylheptan-2-ol	Q72491123		96476	6-Methyl-2-heptanol	
2-methylbutyl isobutyrate	2-methylbutyl isobutyrate	2-methylbutyl isobutyrate	Q27291007		97883	2-Methylbutyl isobutyrate	
dihydrochamazulene isomer	dihydrochamazulene isomer				98497	Dihydrochamazulene isomer	
α-campholenealdehyde	alpha-campholene aldehyde				98497	alpha-Campholene aldehyde	
pinol	pinol				101153	Pinol	
β-patchoulene	beta-patchoulene			beta-patchoulene (Q67879730); delta-patchoulene (Q67879833)	101731	beta-patchoulene	
pinocarvyl acetate	pinocarvyl acetate	cis-pinocarvyl acetate	Q67879802	Check for isonerism.	102553	6,6-Dimethyl-2-methylenebicyclo[3.1.1]hept-3-yl acetate	
isobutyl 2-methylbutyrate	isobutyl 2-methylbutyrate	Isobutyl 2-methylbutanoate	Q72485061		102820	Isobutyl 2-methylbutyrate	
α-fenchyl acetate	alpha-fenchyl acetate	fenchyl acetate	Q27280577		107217	alpha-fenchyl acetate	
α-terpinyl acetate	alpha-terpinyl acetate	(+/-)-α-terpinyl acetate	Q4456134		111037	alpha-terpinyl acetate	
α-terpineol acetate	alpha-terpineol acetate	(+/-)-α-terpinyl acetate	Q4456134		111037	alpha-terpineol acetate	
2-aminoundecane	2-aminoundecane				114476	2-Aminoundecane	
trans-p-menth-2-en-1-ol	trans-p-menth-2-en-1-ol				122484	2-Cyclohexen-1-ol, 1-methyl-4-(1-methylethyl)-, trans-	
(+)-curcuphenol	(+)-curcuphenol				156118	Phenol, 2-((1S)-1,5-dimethyl-4-hexenyl)-5-methyl-	
d-camphor	d-camphor	camphor	Q181559	(R)-camphor (Q27089415)	159055	D-Camphor	
t-cadinol	tau-cadinol				160799	Cedrelanol	
epi-α-cadinol	epi-alpha-cadinol	10-epi-alpha-cadinol	Q67865683	isomerism.	160799	epi-alpha-cadinol	
τ-cadinol	tau-cadinol	tau-cadinol	Q55995547		160799	tau-cadinol	
(e)-chrysanthenyl acetate	(E)-chrysanthenyl acetate	cis-chrysanthenyl acetate	Q67879791		162747	2,7,7-Trimethylbicyclo[3.1.1]hept-2-en-6-yl acetate	
β-atlantone	beta-atlantone	beta-atlantone	Q67879712		181580	beta-atlantone	
curlone	curlone				196216	Curlone	
thujone	thujone	thujone	Q27121853		261491	alpha-Thujone	
(-)-α-thujone	(-)-alpha-thujone	(−)-α-thujone	Q421838		261491	(-)-alpha-thujone	
α-thujone	alpha-thujone	(−)-α-thujone	Q421838	(+)-alpha-thujone (Q27104745). Check for isomerism.	261491	alpha-thujone	
5-oxobornyl acetate	5-oxobornyl cetate				281960	5-Ketobornyl acetate	
cis-carveol	cis-carveol	(+)-cis-carveol	Q27105278	check for stereoisomers.	330573	(-)-cis-Carveol	
culmorin	culmorin	culmorin	Q73402129		368926	Culmorin	
l-limonene	l-limonene	(-)-limonene	Q27089405		439250	(-)-Limonene	
l-carvone	l-carvone	(-)-carvone	Q27089417		439570	(-)-Carvone	
endo-fenchol	endo-fenchol	(1R)-endo-(+)-fenchol	Q64224715		439711	alpha-Fenchol	
α-fenchol	alpha-fenchol	(-)-α-fenchyl alcohol	Q27089421		439711	alpha-fenchol	
(d)-limonene	(d)-limonene	(+)-limonene	Q27888324		440917	D-Limonene	
(r)-(+)-limonene	(r)-(+)-limonene	(+)-limonene	Q27888324		440917	D-Limonene	
d-limonene	d-limonene	(+)-limonene	Q27888324	check for stereoisomers.	440917	D-Limonene	
(-)-camphene	(-)-camphene	(-)-camphene	Q27105230		440966	(-)-Camphene	
delta-cadinene	delta-cadinene	(+)-Î´-cadinene	Q27089406	Check for isonerism.	441005	(+)-delta-Cadinene	
δ-cadinene	delta-cadinene	(+)-δ-cadinene	Q27089406		441005	Delta-cadinene	
levomenol	levomenol	levomenol	Q179896		442343	Levomenol	
β-chamigrene	beta-chamigrene	(-)-beta-chamigrene	Q27108622	isomerism.	442353	beta-chamigrene	
α-cubebene	alpha-cubebene	(-)-α-cubebene	Q27108605		442359	alpha-cubebene	
β-selinene	beta-selinene	(+)-beta-selinene	Q27108640		442393	beta-selinene	
α-ylangene	alpha-ylangene	Ylangene	Q27160535	isomerism.	442409	alpha-ylangene	
chrysanthenone	chrysanthenone	Chrysanthenone	Q5114549		442463	Chrysanthenone	
(+)-α-terpineol	(+)-alpha-terpineol	(+)-α-terpineol	Q27105253		442501	(+)-alpha-terpineol	
(-)-citronellal	(-)-citronellal	(S)-(-)-citronellal	Q27105293	Check for stereoisomerism.	443157	(S)-(-)-Citronellal	
sandaracopimaradiene	sandaracopimaradiene	(-)sandaracopimaradiene	Q27132746		443469	Sandaracopimaradiene	
(-)-camphor	(-)-camphor	(S)-camphor	Q27095844	Check for stereoisomerism.	444294	(-)-Camphor	
trans-cinnamic acid	trans-cinnamic acid				444539	Cinnamic acid	
farnesol	farnesol	farnesol	Q60194891		445070	trans,trans-Farnesol	
p-mentha-1,4,-dien-7-ol	p-mentha-1,4,-dien-7-ol				519966	p-Mentha-1,4-dien-7-ol	
β-thujene	beta-thujene	beta-thujene	Q408209		520384	beta-thujene	
α-longipinene	alpha-longipinene	(+)-α-longipinene	Q27132143		520957	alpha-longipinene	
trans-2-caren-4-ol	trans-2-caren-4-ol				520984	trans-2-Caren-4-ol	
di-epi-.alpha.-cedrene	di-epi-.alpha.-cedrene				521207	Cedrene	
γ-selinene	gamma-selinene	γ-selinene	Q70486252		521334	gamma-selinene	
β-phellandren-8-ol	beta-phellandren-8-ol				522161	beta-phellandren-8-ol	
dihydroedulan iia	dihydroedulan iia	(-)-dihydroedulan II	Q27159863	Check for isonerism.	522517	(2alpha,4Aalpha8aalpha)-3,4,4a,5,6,8a-Hexahydro-2,5,5,8a-tetramethyl-2H-1-benzopyran	
β-calacorene	beta-calacorene	beta-calacorene	Q67879717		529621	beta-Calacorene	
exo-2-hydroxycineole	exo-2-hydroxycineole	2-endo-hydroxy-1,8-cineole	Q27116588		529885	1,3,3-Trimethyl-2-oxabicyclo[2.2.2]octan-6-ol	
4-carene	4-carene	(+)-4-Carene	Q27162117	Check for isomer.	530422	4-Carene	
α-bourbonene	alpha-bourbonene	alpha-Bourbonene	Q22162855		530816	alpha-bourbonene	
ledene oxide-(i)	ledene oxide-(i)				534497	Ledene oxide-(I)	
longipinocarvone	longipinocarvone				535296	Longipinocarvone	
2-isobutylnorbornane	2-isobutylnorbornane				565405	Norbornane, 2-isobutyl-	
methyl hinokiate	methyl hinokiate				579826	Methyl hinokiate	
platambin	platambin				613194	Platambin	
γ-asarone	gamma-asarone			α-asarone (Q419658); β-asarone (Q27089385)	636750	gamma-asarone	
trans-cinnamaldehyde	trans-cinnamaldehyde	(E)-cinnamaldehyde	Q204036		637511	Cinnamaldehyde	
cinnamaldehyde	cinnamaldehyde	(E)-cinnamaldehyde	Q204036		637511	Cinnamaldehyde	
e-cinnamaldehyde	E-cinnamaldehyde	(E)-cinnamaldehyde	Q204036		637511	Cinnamaldehyde	
(e)-9-octadecenoic acid	(E)-9-octadecenoic acid	glyceryl trielaidate	Q27124197		637517	Elaidic acid	
methyl cinnamate	methyl cinnamate	methyl cinnamate	Q204178		637520	Methyl cinnamate	
t-anethole	tau-anethole				637563	Anethole	
trans-anethole	trans-anethole	anethole	Q255564		637563	Anethole	
(e)-anethole	(E)-anethole	anethole	Q255564		637563	Anethole	
geraniol	geraniol	geraniol	Q410836		637566	Geraniol	
trans-geraniol	trans-geraniol	geraniol	Q410836		637566	Geraniol	
trans-geraniol (lemonol)	trans-geraniol	nerol	Q415359		637566	trans-Geraniol	
ethyl cinnamate	ethyl cinnamate	ethyl cinnamate	Q204182		637758	Ethyl cinnamate	
citral	citral	citral	Q60176530		638011	Citral	
geranial	geranial	geranial	Q410888		638011	Citral	
α-citral	alpha-citral	geranial	Q410888	Isomerism.	638011	alpha-citral	
(e)-β-ionone	(E)-beta-ionone	trans-β-ionone	Q27114873		638014	(E)-beta-ionone	
β-ionone	beta-ionone	β-ionone	Q27190018		638014	beta-ionone	
bicyclo(3.1.1)heptane	bicyclo(3.1.1)heptane				638057	Bicyclo[3.1.1]heptane	
o-methoxycinnamaldehyde	o-methoxycinnamaldehyde	(Z)-O-methoxycinnamaldehyde	Q27294323		641298	2-Methoxycinnamaldehyde	
neral	neral	neral	Q27104033		643779	Neral	
β-citral (cis-citral)	beta-citral				643779		
nerol	nerol	nerol	Q415359		643820	Nerol	
cis-geraniol (nerol)	cis-geraniol	nerol	Q415359		643820		
phenol, 2-methoxy-4-(1-propenyl)-	2-methoxy-4-(1-propenyl)-phenol				853433	2-Methoxy-4-(1-propenyl)-phenol	
l-borneol	l-borneol	(-)-borneol	Q27089413		1201518	Borneol	
(-)-borneol	(-)-borneol	(-)-borneol	Q27089413		1201518	Borneol	
α-campholenal	alpha-campholenal	α-campholenal	Q27121498		1252759	alpha-campholenal	
nootkatone	nootkatone	(+)-nootkatone	Q417896	(-)-nootkatone (Q27295748). Chek for isomerism.	1268142	Nootkatone	
cis-jasmone	cis-jasmone	(EZ)-jasmone	Q65952186		1549018	Jasmone	
neryl acetate	neryl acetate	neryl acetate	Q1368877		1549025	Neryl acetate	
nerol acetate	nerol acetate				1549025	Neryl acetate	
geraniol acetate	geraniol acetate				1549026	Geranyl acetate	
geranyl acetate	geranyl acetate	geranyl acetate	Q426437		1549026	Geranyl acetate	
cis-anethole	cis-anethole	anethole	Q27105777		1549040	cis-Anethole	
alpha-bisabolol	alpha-bisabolol	levomenol	Q179896		1549992	Bisabolol	
α-bisabolol	alpha-bisabolol	levomenol	Q179896		1549992	alpha-bisabolol	
cis-geranylacetone	cis-geranylacetone				1713001	Nerylacetone	
caryophyllene-oxide	caryophyllene-oxide	Î²-caryophyllene oxide	Q27136294		1742210	Caryophyllene oxide	
trans-caryophyllene oxide	trans-caryophyllene oxide				1742210	Caryophyllene oxide	
caryophyllene oxide	caryophyllene oxide	Î²-caryophyllene oxide	Q27136294		1742210	Caryophyllene oxide	
beta-caryophyllene oxide	beta-caryophyllene oxide				1742210	Caryophyllene oxide	
β-caryophyllene oxide	beta-caryophyllene oxide	β-caryophyllene oxide	Q27136294		1742210	beta-caryophyllene oxide	
(z)-γ-bisabolene	(Z)-gamma-bisabolene	(Z)-γ-bisabolene	Q4039091		3033866	(Z)-gamma-bisabolene	
δ-cadinol	delta-cadinol	delta-cadinol	Q5254530		3084311	Delta-cadinol	
epi-α-muurolol	epi-alpha-muurolol				3084331	epi-alpha-muurolol	
phytol	phytol	Phytol	Q415945		5280435	Phytol	
linoleic acidb,c	linoleic acid	linoleic acid	Q407426		5280450	Linoleic acid	
2-hexenal	2-hexenal	(2E)-2-hexenal	Q209405		5281168	2-Hexenal	
(2e)-hexenal	(2E)-hexenal	(2E)-2-hexenal	Q209405		5281168	2-Hexenal	
2-hexenal, (e)-	(E)-2-hexenal	(2E)-2-hexenal	Q209405		5281168	(E)-2-hexenal	
caryophyllene(e)	(E)-caryophyllene	caryophyllene	Q421614		5281515	(E)-Caryophyllene	
(e)-caryophyllene	(E)-caryophyllene	caryophyllene	Q421614	Check for stereoisomerism.	5281515	beta-Caryophyllene	
trans-caryophyllene	trans-caryophyllene	caryophyllene	Q421614		5281515	beta-Caryophyllene	
caryophyllene	caryophyllene	caryophyllene	Q421614		5281515	beta-Caryophyllene	
beta-caryophyllene	beta-caryophyllene	caryophyllene	Q421614		5281515	beta-Caryophyllene	
(e)–caryophyllene	(E)-caryophyllene	caryophyllene	Q421614		5281515	(E)-caryophyllene	
β-caryophyllene	beta-caryophyllene	caryophyllene	Q421614		5281515	beta-caryophyllene	
trans-β-caryophyllene	trans-beta-caryophyllene	caryophyllene	Q421614		5281515	trans-beta-caryophyllene	
caryophyllene <e‐>	(E)-caryophyllene 	caryophyllene	Q421614		5281515	(E)-Caryophyllene	
α-farnesene	alpha-farnesene	α-farnesene	Q419814		5281516	alpha-farnesene	
beta-farnesene	beta-farnesene	beta-farnesene	Q27119784		5281517	beta-Farnesene	
(e)-β-farnesene	(E)-beta-farnesene	(6E)-β-farnesene	Q27108631		5281517	(E)-beta-farnesene	
trans-β-farnesene	trans-beta-farnesene	(6E)-β-farnesene	Q27108631		5281517	trans-beta-farnesene	
β-farnesene	beta-farnesene	(6Z)-β-farnesene	Q27119785	(6E)-β-farnesene (Q27108631). Check for isomerism.	5281517	beta-farnesene	
coahuilensol	coahuilensol				5281519	Coahuilensol	
germacreneb	germacrene b	germacrene	Q5550970		5281519		
humulene	humulene	humulene	Q1995108		5281520	Humulene	
α-caryophyllene	alpha-caryophyllene	caryophyllene	Q421614		5281520	alpha-caryophyllene	
α-humulene	alpha-humulene	humulene	Q1995108		5281520	alpha-humulene	
isocaryophyllene	isocaryophyllene	isocaryophyllene	Q27106968		5281522	Isocaryophyllene	
e-caryophyllene	E-caryophyllene	caryophyllene	Q421614	Check for isonerism.	5281522	Isocaryophyllene	
β-sinensal	beta-sinensal	(2E,6E)-β-sinensal	Q27108641	(2Z,6E)-β-sinensal (Q27288606); (2E,6Z)-β-sinensal (Q27294982). Check for isomerism.	5281535	beta-sinensal	
trans-beta-ocimene	trans-beta-ocimene	(3E)-Î²-ocimene	Q26777012		5281553	beta-Ocimene	
trans-ocimene	trans-ocimene	(3E)-Î²-ocimene	Q26777012		5281553	beta-Ocimene	
(e)-β-ocimene	(E)-beta-ocimene	(3E)-β-ocimene	Q26777012	Check for isomer.	5281553	(E)-beta-ocimene	
β –ocimene	beta-ocimene	(3Z)-β-ocimene	Q26777005		5281553	beta-ocimene	
e-β-ocimene	E-beta-ocimene	(3E)-β-ocimene	Q26777012		5281553	e-beta-ocimene	
trans-β-ocimene	trans-beta-ocimene	(3E)-β-ocimene	Q26777012		5281553	trans-beta-ocimene	
β-ocimene	beta-ocimene	(3Z)-β-ocimene	Q26777005	(3E)-β-ocimene (Q26777012). Check for isomerism.	5281553	beta-Ocimene	
geraniol formate (cas)	geraniol formate	geranyl formate	Q15726045		5282109	Geraniol formate	
(e)-oct-2-enal	(E)-oct-2-enal	(2E)-2-octenal	Q2448755	Check for isomer.	5283324	2-Octenal	
(e)-non-2-enal	(E)-non-2-enal	(2E)-2-nonenal	Q4596912		5283335	2-Nonenal	
2-decenal	2-decenal	dec-2-enal	Q27131349		5283345	2-Decenal	
(2e)-dodecenal	(2E)-dodecenal	(2E)-2-dodecenal	Q27252265		5283361	2-Dodecenal	
(e)-hex-3-en-1-ol	(E)-hex-3-en-1-ol	(3Z)-3-hexen-1-ol	Q300850	Check for stereoisomerism.	5284503	trans-3-Hexen-1-ol	
trans-nerolidol	trans-nerolidol				5284507	3,7,11-Trimethyldodeca-1,6,10-trien-3-ol	
nerolidol	nerolidol	Nerolidol	Q72494054		5284507	3,7,11-Trimethyldodeca-1,6,10-trien-3-ol	
cis-5-dodecenoic acid	cis-5-dodecenoic acid	cis-5-dodecenoic acid	Q27159277		5312378	cis-5-Dodecenoic acid	
e-cinnamyl alcohol	E-cinnamyl alcohol	(E)-cinnamyl alcohol	Q204030		5315892	Cinnamyl alcohol	
α-corocalene	alpha-corocalene				5316074	alpha-corocalene	
(z)-β-farnesene	(Z)-beta-farnesene	(6Z)-β-farnesene	Q27119785		5317319	(Z)-beta-farnesene	
cis-β-farnesene	cis-beta-farnesene	(6Z)-β-farnesene	Q27119785		5317319	cis-beta-farnesene	
germacrene d	germacrene d	germacrene D	Q27121451		5317570	Germacrene D	
and germacrene d	germacrene d	germacrene D	Q27121451		5317570	Germacrene D	
α-guaiene	alpha-guaiene	alpha-guaiene	Q5613309		5317844	alpha-guaiene	
α-ocimene	alpha-ocimene	(3E)-α-ocimene	Q26776996	(3Z)-α-ocimene (Q27283176). Check for isomerism.	5320249	alpha-ocimene	
z-β-ocimene	Z-beta-ocimene	(3Z)-β-ocimene	Q26777005		5320250	Z-beta-Ocimene	
cis-ocimene	cis-ocimene	(3Z)-Î²-ocimene	Q26777005		5320250	(Z)-beta-Ocimene	
(z)-β-ocimene	(Z)-beta-ocimene	(3Z)-β-ocimene	Q26777005		5320250	(Z)-beta-ocimene	
cis-β-ocimene	cis-beta-ocimene	(3Z)-β-ocimene	Q26777005		5320250	cis-beta-ocimene	
(z)-α-bisabolene	(Z)-alpha-bisabolene	(Z)-α-bisabolene	Q27121560		5352653	(Z)-alpha-bisabolene	
α –bisabolene	alpha-bisabolene	(E)-α-bisabolene	Q27121558	(Z)-α-bisabolene (Q27121560). check for isomerism.	5352653	alpha-bisabolene	
geranyl propionate	geranyl propionate	geranyl propionate	Q10869283		5355853	Geranyl propionate	
cinnamaldehyde diethyl acetal	cinnamaldehyde diethyl acetal	Cinnamaldehyde diethyl acetal	Q72460879		5356250	Cinnamaldehyde diethyl acetal	
3-tetradecene, (z)	(Z)-3-tetradecene	(3Z)-3-tetradecene	Q27262878		5362709	(Z)-3-Tetradecene	
3-oxo-β-ionone	3-oxo-beta-ionone				5363876	3-oxo-beta-ionone	
3-hexadecene, (z)	(Z)-3-hexadecene	(3Z)-3-hexadecene	Q27290783		5364494	(Z)-3-Hexadecene	
(e)-5-octadecene	(E)-5-octadecene				5364598	5-Octadecene	
9-isopropyl-1-methyl-2-methylene-5-oxatricyclo[5.4.0.0(3,8)]undecane	9-isopropyl-1-methyl-2-methylene-5-oxatricyclo[5.4.0.0(3,8)]undecane				5364599	9-Isopropyl-1-methyl-2-methylene-5-oxatricyclo[5.4.0.0(3,8)]undecane	
geranyl bromide	geranyl bromide	trans-Geranyl bromide	Q72480173	Check for isonerism.	5365867	Geranyl bromide	
hydrocarbon monoterpenoid	hydrocarbon monoterpenoid				5365910	Hydrocarbon monoterpenoid	
methylgeranate	methyl geranate	methyl geranate	Q27254138		5365910		
(e)-β-damascenone	(E)-beta-damascenone	β-damascenone	Q416126	Check for stereoisomerism.	5366074	(E)-beta-damascenone	
isobutyl angelate	isobutyl angelate	isobutyl angelate	Q27268651		5367807	Isobutyl angelate	
sorbic acid vinyl ester	sorbic acid vinyl ester	Vinyl sorbate	Q65225130		5368936	Sorbic acid vinyl ester	
heptadiene	heptadiene	1,6-heptadiene	Q19833899		5462716	1,3-Heptadiene	
9-epi-β-caryophyllene	9-epi-beta-caryophyllene				5498519	9-epi-beta-caryophyllene	
γ-humulene	gamma-humulene	gamma-humulene	Q27121597		5846461	gamma-humulene	
ρ-cymenea,b	ρ-cymene				6086514	p-Cymene	
geranylisobutyrate	geranyl isobutyrate				6086514		
5-hepten-1-ol	5-hepten-1-ol				6307600	5-Heptene-1-ol	
2-methylbutyl angelate	2-methylbutyl angelate				6427119	2-Methylbutyl angelate	
(e)-ocimenone	(E)-ocimenone				6428431	trans-Ocimenone	
selin-11-en-4α-ol	selin-11-en-4.alpha.-ol				6428433	Selin-11-en-4.alpha.-ol	
cis-cinnamaldehyde	cis-cinnamaldehyde	(Z)-3-Phenyl-2-propenal	Q27161918		6428995	cis-Cinnamaldehyde	
t-calamenene	trans-calamenene	trans-calamenene	Q67880179		6429022	Trans-Calamenene	
cis-calamenene	cis-calamenene				6429077	Naphthalene, 1,2,3,4-tetrahydro-1,6-dimethyl-4-(1-methylethyl)-, (1S-cis)-	
trans-α-bergamotene	trans-alpha-bergamotene	(E)-(-)-α-bergamotene	Q27132147		6429302	trans-alpha-bergamotene	
cis-α-bergamotene	cis-alpha-bergamotene	(-)-endo-alpha-bergamotene	Q27131278		6429303	cis-alpha-bergamotene	
10-epi-γ-eudesmol	10-epi-gamma-eudesmol				6430754	10-epi-gamma-eudesmol	
α-amorphen	alpha-amorphen	cadinene	Q414529		6430797	alpha-Amorphen	
dehydrosesquicineol	dehydrosesquicineole				6430797	Dehydrosesquicineole	
α-cedrene	alpha-cedrene	cedr-8-ene	Q27108601	isomerism.	6431015	alpha-cedrene	
nonyl 2-methylbutanoate	nonyl 2-methylbutanoate				6431100	1-Nonyl 2-methylbutanoate	
γ-eudesmol	gamma-eudesmol	gamma-eudesmol	Q27131974		6432005	gamma-eudesmol	
trans-linalool oxide (furanoid)	trans-linalool oxide (furanoid)				6432254	trans-Linalool oxide	
trans-linalool oxide	trans-linalool oxide	trans-linalool oxide	Q27272093		6432254	trans-Linalool oxide	
γ-curcumene	gamma-curcumene	gamma-curcumene	Q27132733		6432312	gamma-elemene	
γ-elemene	gamma-elemene	elemenes	Q56009873	β-elemene (Q27132237) ; α-elemene (Q5358809); δ-elemene (Q63409802). Isomerism.	6432312	gamma-Elemene	
γ-cadinene	gamma-cadinene	(+)-γ-cadinene	Q27132468	(-)-γ-cadinene (Q27132466). Check for isomerism.	6432404	gamma-cadinene	
dihydroedulan ia	dihydroedulan ia	dihydroedulan i	Q67879843	(-)-dihydroedulan II (Q27159863). Check for isomerism.	6432687	Dihydroedulan IA	
(−)-spathulenol	(-)-spathulenol	(-)-spathulenol	Q27136312		6432706	(-)-spathulenol	
prenyl angelate	prenyl angelate				6432943	3-Methylbut-2-enyl 2-methylisocrotonate	
propyl angelate	propyl angelate	propyl 2-methylisocrotonate	Q9615235		6437044	Propyl 2-methylisocrotonate	
methallyl angelate	methallyl angelate				6437425	2-Butenoic acid, 2-methyl-, 2-methyl-2-propenyl ester, (Z)-	
β-gurjunene	beta-gurjunene	beta-Gurjunene	Q27154913		6450812	beta-gurjunene	
α-cyperone	alpha-cyperone	alpha-Cyperone	Q27151420		6452086	alpha-cyperone	
α-funebrene	alpha-funebrene				6552024	alpha-funebrene	
cis-limonene oxide	cis-limonene oxide	cis-(-)-limonene oxide	Q27253522	cis-(+)-limonene oxide (Q27093910)	6857487	(1R,4R,6S)-1-Methyl-4-(prop-1-en-2-yl)-7-oxabicyclo[4.1.0]heptane	
cholestane	cholestane	5Î±/Î²-cholestane	Q3682585		6857534	Cholestan	
androstane	androstane	androstane	Q2846975		6857536	Androstane	
β-elemene	beta-elemene	beta-elemene	Q72470661		6918391	beta-elemene	
trans-carveolfound: trans-carvyl acetate	trans-carvyl acetate				6951358	trans-Carvyl acetate	
trans-rose oxide	trans-rose oxide	trans-(+)-rose oxide	Q27162314		7093102	trans-Rose oxide	
germacrene-a	germacrene a	germacrene A	Q27116867		9548706	Germacrene A	
β-bisabolene	beta-bisabolene	β-bisabolene	Q11595687		10104370	beta-bisabolene	
α-cadinol	alpha-cadinol	(-)-α-cadinol	Q4734900		10398656	alpha-cadinol	
7-epi-α-selinene	7-epi-alpha-selinene				10726905	7-epi-alpha-selinene	
α-selinene	alpha-selinene	α-selinene	Q7448480		10856614	alpha-selinene	
β-santalene	beta-santalene	(-)-beta-santalene	Q27108639	epi-beta-santalene (Q67879983). Isomerism.	10889018	beta-santalene	
trans-chrysanthenyl acetate	trans-chrysanthenyl acetate				10899521	trans-Chrysanthenyl acetate	
(−)-allo-aromadendrene	(-)-allo-aromadendrene	allo-aromadendrene	Q67879598		10899740	(-)-allo-aromadendrene	
β-isocomene	beta-isocomene	beta-isocomene	Q67879723		10910652	beta-Isocomene	
viridiflorene	viridiflorene	ledene	Q27132626		10910653	Viridiflorene	
ledene	ledene	ledene	Q27132626		10910653	Viridiflorene	
(z)-α-santalol	(Z)-alpha-santalol	α-santalol	Q10859742		11085337	(Z)-alpha-santalol	
β-cedrene	beta-cedrene	Cedrene	Q1956285		11106485	beta-cedrene	
iso-longifolene	iso-longifolene				11127402	Isolongifolene	
α-zingiberene	alpha-zingiberene	Zingiberene	Q4117486		11127403	alpha-zingiberene	
calamenene	calamenene	trans-calamenene	Q67880179	Check for isomerism.	11298625	Calamenene	
cubenol	cubenol			6-epi-cubenol (Q67879643)	11770062	Cubenol	
α-himachalene	alpha-himachalene	(-)-α-himachalene	Q27121538		11830551	alpha-himachalene	
epi-β-bisabolol	epi-beta-bisabolol				12300148	epi-beta-bisabolol	
α-calacorene	alpha-calacorene	3,4-Dihydrocadalene	Q27160655		12302243	alpha-calacorene	
7-epi-α-eudesmol	7-epi-alpha-eudesmol				12304196	7-epi-alpha-eudesmol	
α-muurolene	alpha-muurolene	alpha-muurolene	Q27133436		12306047	alpha-muurolene	
α-cadinene	alpha-cadinene	(+)-α-cadinene	Q27149802		12306048	alpha-cadinene	
δ-elemene	delta-elemene	δ-elemene	Q63409802		12309449	Delta-elemene	
α-helmiscapene	alpha-helmiscapene				12309809	alpha-helmiscapene	
β-helmiscapene	beta-helmiscapene				12309814	beta-helmiscapene	
γ-muurolene	gamma-muurolene	(+)-γ-cadinene	Q27132468		12313020	gamma-muurolene	
β-sesquiphellandrene	beta-sesquiphellandrene	beta-sesquiphellandrene	Q27133237		12315492	beta-sesquiphellandrene	
β-spathulenol	beta-spathulenol	spathulenol	Q1376658		13854255	beta-spathulenol	
spatulenol	spatulenol				13854258	Spatulenol	
khusinol	khusinol				13874489	(1R,4As,5R,8aS)-3-methyl-8-methylidene-5-propan-2-yl-2,4a,5,6,7,8a-hexahydro-1H-naphthalen-1-ol	
car-3-en-2-one	car-3-en-2-one				13901618	(1R)-3,7,7-Trimethylbicyclo[4.1.0]hept-3-en-2-one	
β-curcumene	beta-curcumene	(-)-beta-curcumene	Q27132151	isomerism.	14014430	beta-curcumene	
β-oplopenone	beta-oplopenone	beta-oplopenone	Q67879728		14038847	beta-oplopenone	
mintsulfide	mint sulfide				14564587	Mintsulfide	
e-β-farnesene	E-beta-farnesene	(6E)-β-farnesene	Q27108631		15228937	e-beta-farnesene	
spirolepechinene	spirolepechinene				15491228	Spirolepechinene	
α-gurjunene	alpha-gurjunene	(-)-alpha-gurjunene	Q27131296		15560276	alpha-gurjunene	
selin-11-en-4-α-ol	selin-11-en-4-alpha-ol				15560330	selin-11-en-4alpha-ol	
aristola‐1(10).8‐diene	aristola-1(10)-8 diene				15625232	Aristola-1(10)-8 diene	
trans-sesquisabinene hydrate	trans-sesquisabinene hydrate				20055539	Sesquisabinene hydrate	
cis-linalool oxide acetate (pyranoid)	cis-linalool oxide acetate				21116836	[(3S,6S)-6-Ethenyl-2,2,6-trimethyloxan-3-yl] acetate	
acorenone b	acorenone b				21674978	Acorenone B	
biformene	biformene	(Z)-biformene	Q27133189		23252995	(12E)-Labda-8(17),12,14-triene	
α-humulen	alpha-humulen	humulene	Q1995108		24798693	alpha-humulen	
ascorbic acid	ascorbic acid	DL-ascorbic acid	Q193598		54670067	Ascorbic acid	
β-copaene	beta-copaene	β-copaene	Q27277937		57339298	beta-copaene	
α-isocomene	alpha-isocomene	Isocomene	Q6085540		57501472	alpha-isocomene	
β-funebrene	beta-funebrene				60147454	beta-funebrene	
cis-nuciferol	cis-nuciferol				67178146	(S,Z)-2-Methyl-6-(p-tolyl)hept-2-en-1-ol	
copaene	copaene	copaene	Q5168276		70678558	alpha-Copaene	
α-copaene	alpha-copaene	copaene	Q5168276	Isomerism.	70678558	alpha-copaene	
sesquisabinene a	sesquisabinene a	sesquisabinene A	Q74417657		90658542	Sesquisabinene B	
(e)-2-isopropyl-5-methylphenyl 2-methylbut-2-enoate	(E)-2-isopropyl-5-methylphenyl 2-methylbut-2-enoate				91698167	(E)-2-Isopropyl-5-methylphenyl 2-methylbut-2-enoate	
6-oxobornyl acetate	6-oxobornyl acetate				91748881	6-Oxobornyl acetate	
cedr-8(15)-en-10-ol	cedr-8(15)-en-10-ol			cedr-8(15)-en-9-ol (Q27158322)	91749627	3,6,6-Trimethyl-8-methylidenetricyclo[5.3.1.01,5]undecan-10-ol	
cyperadiene	cyperadiene				91750187	Cyperadiene	
dehydroisolongifolene	dehydroisolongifolene				92029374	Dehydroisolongifolene	
α-muurolol	alpha-muurolol			(+)-Tau-muurolol (Q27132742). Isomerism.	100949538	alpha-muurolol	
α-muurolol (torreyol)	alpha-muurolol 				100949538		
nardol	nardol				101286216	Nardol	
β-maaliene	beta-maaliene	beta-maaliene	Q67879726		101596917	beta-Maaliene	
(3z)-hexenyl benzoate	(3Z)-hexenyl benzoate	(3Z)-3-hexenyl benzoate	Q27286127		101687121	Benzoic acid (Z)-1-hexenyl ester	
α-maaliene	alpha-maaliene			beta-maaliene (Q67879726). Isomerism.	102361380	alpha-maaliene	
cymeme	cymeme						
fatty acids	fatty acids	fatty acid	Q61476				
carene<δ-2->	delta-2-carene	carene	Q19414				
propanoic acid, 2-methyl-, octyl ester	octyl ester-2-methyl-propanoic acid						
cis-davanone	cis-davanone						
e.e-farnesyl acetone	E,E-farnesyl acetone	(5E,9E)-farnesyl acetone	Q27135719				
chrysanthenyl cis-acetate	chrysanthenyl cis-acetate	cis-chrysanthenyl acetate	Q67879791				
(-)-a-santalal	(-)-alpha-santalal	alpha-santalal	Q67879682	Check for stereoisomerism.			
neoisomentol	neoisomentol						
eudesma-4(15),7-dien-1β-ol	eudesma-4(15),7-dien-1β-ol						
2-isopropylidene-3-methylhexa-3,5-dienal	2-isopropylidene-3-methylhexa-3,5-dienal						
cyclohexene, 1-methyl-4-(5-methyl-1-methylene-4-hexenyl)	1-methyl-4-(5-methyl-1-methylene-4-hexenyl)-cyclohexene	β-bisabolene	Q11595687				
2-methyl-6-methylen-octa-1,7-dien-3-one	2-methyl-6-methylen-octa-1,7-dien-3-one						
benzaldehyde, 3,4-dimethoxy-	3,4-dimethoxy-benzaldehyde						
(1s)-2,6,6-trimethylbicyclo [3.1.1] hept-2-ene	(1S)-2,6,6-trimethylbicyclo[3.1.1]hept-2-ene	(-)-alpha-pinene	Q300852				
(2e-6e)-farnesal	(2E,6E)-farnesal	(2E,6E)-farnesal	Q27098285				
(2e-6z)-farnesal	(2E,6Z)-farnesal	(2E,6Z)-farnesal	Q27279009				
(2e-6z)-farnesol	(2E,6Z)-farnesol	(2E,6Z)-farnesol	Q27116653				
(2e)-decenal	(2E)-decenal	(2E)-2-decenal	Q27277030				
(3e)-butylidene phthalide	(3E)-butylidene phthalide						
(3e)-hex-3-enyl benzoate	(3E)-hex-3-enyl benzoate						
(3z)-hexen-1-ol	(3Z)-hexen-1-ol	(3Z)-3-hexen-1-ol	Q300850				
2,3-pinanediol	2,3-pinanediol	2,3-pinanediol	Q27237348				
(cis+trans) thujones	thujones	thujone	Q27121853				
2,4-heptanedione, 6-methyl-	6-methyl-2,4-heptanedione	6-methyl-2,4-heptanedione	Q27285507				
2,4,6-octatriene, 2,6-dimethyl-,e,z)-	2,6-dimethyl-(E,Z)-2,4,6-octatriene						
2,5-dimethoxy-p-cymene	2,5-dimethoxy-p-cymene	2,5-Dimethoxy-p-cymene	Q28457222				
2,5,8-trimethyl-1-naphthol	2,5,8-trimethyl-1-naphthol						
2,6-diisopropylnaphthalene	2,6-diisopropylnaphthalene	2,6-diisopropylnaphthalene	Q424809				
2,6-dimethyl-1,3,5,7-octatetraene, e,e-	(E,E)-2,6-dimethyl-1,3,5,7-octatetraene	cosmene	Q24817453				
2,6,10,14-hexadecatetraen-1-ol, 3, 7,11,15-tetramethyl-, acetate, (e, e,e)-	(E,E,E)-acetate-3,7,11,15-tetramethyl-2,6,10,14-hexadecatetraen-1-ol						
2,6,6-trimethyl-1-cyclohexene-1-acetaldehyde	2,6,6-trimethyl-1-cyclohexene-1-acetaldehyde						
2.6-dimethyle-5-heptanal	2,6-dimethyle-5-heptanal						
(e)-α-bergamoteno	(E)-alpha-bergamoteno	bergamottin	Q568006	isomerism.			
(e)-β-ocymene	(E)-beta-ocymene						
3-methyl-2-butenoic acid, 2-methyl	2-methyl-3-methyl-2-butenoic acid						
3-methyl-2-butenoic acid, 2-methyloct-5-yn-4-yl ester	2-methyloct-5-yn-4-yl ester-3-methyl-2-butenoic acid						
3-methyl pentyl angelate	3-methyl pentyl angelate						
(e)-p-mentha-2,8-dien-1-ol	(E)-p-mentha-2,8-dien-1-ol	carveol	Q2920205				
(e, e)-farnesyl acetate	(E,E)-farnesyl acetate	(2E,6E)-farnesyl acetate	Q27276136				
(e,e)-2,4-heptadienal	(E,E)-2,4-heptadienal	(2E,4E)-2,4-heptadienal	Q27292092				
(e,e)-deca-2,4-dienal	(E,E)-deca-2,4-dienal						
(e,e)-farnesol	(E,E)-farnesol	(2E,6E)-farnesol	Q420449				
(e,e)-geranyl linalool	(E,E)-geranyl linalool	geranyllinalool	Q27144589				
(e,e)-α-farnesene	(E,E)-alpha-farnesene	α-farnesene	Q419814				
(e,e) 2,6-dimethyl-3,5,7-octatriene-2-ol	(E,E)-2,6-dimethyl-3,5,7-octatriene-2-ol						
3,7-dimethyl-2,6-octadienal	3,7-dimethyl-2,6-octadienal	geranial	Q410888				
3,7-dimethyl-6-octenal	3,7-dimethyl-6-octenal	(R)-(+)-citronellal	Q413787				
(z)-9,17-octadecadienal	(Z)-9,17-octadecadienal						
(z)-dihydro-apofarnesol	(Z)-dihydro-apofarnesol						
(z)-falcarinol	(Z)-falcarinol	panaxynol	Q413192				
(z)-α-farnesene	(Z)-alpha-farnesene	(3Z,6Z)-α-farnesene	Q27119782				
(z)-β-ocimenol	(Z)-beta-ocimenol	trans-ocimenol	Q67880137	isomerism			
(z)-β-ocymene	(Z)-beta-ocymene						
(z)-jasmane	(Z)-jasmane						
(z)-nerolidol acetate	(Z)-nerolidol acetate	Nerolidol acetate	Q72494057				
(z)-p-mentha-2,8-dien-1-ol	(Z)-p-mentha-2,8-dien-1-ol	(Z)-p-mentha-2,8-dien-1-ol	Q27294536				
(z)-p-menthan-2-one	(Z)-p-menthan-2-one						
(z), (e)-α-farnesene	(Z,E)-alpha-farnesene	(3Z,6E)-α-farnesene	Q27119780				
(z, z , z) 9,12,15-octadecatrienonic acid-methyl ester	(Z,Z,Z)-9,12,15-octadecatrienonic acid-methyl ester	(6Z,9Z)-octadecadienoic acid	Q27156276	Check for isomer.			
(z, z)-9,12-octadecadienoic acid	(Z,Z)-9,12-octadecadienoic acid	linoleic acid	Q407426				
(z, z)-farnesol	(Z,Z)-farnesol	farnesol	Q60194891				
1-(1,3-dimethyl-buta-1.3-dienyl)-3,7,7-trimethyl-2-oxa-bicyclo[3.2.0]hept-3-ene	1-(1,3-dimethyl-buta-1,3-dienyl)-3,7,7-trimethyl-2-oxa-bicyclo[3.2.0]hept-3-ene						
1-8-cineole	1,8-cineole						
1-benzothiepin, 2,3,4,5-tetrahydro	2,3,4,5-tetrahydro-1-benzothiepin						
6.10,14-trimethyl-2-pentadecanone	6,10,14-trimethyl-2-pentadecanone						
6z-2,5,5,10-tetramethyl-undeca-2,6,9-trien-8-one	6Z-2,5,5,10-tetramethyl-undeca-2,6,9-trien-8-one						
1-isopropenyl-3,3-dimethyl-5-(3-methyl-1-oxo-2-butenyl) cyclopentane	1-isopropenyl-3,3-dimethyl-5-(3-methyl-1-oxo-2-butenyl)cyclopentane						
1-phenylpenta-2,4-diyne	1-phenylpenta-2,4-diyne						
1,1-dimethoxy decane	1,1-dimethoxy decane						
1,10-di-epi-cubenol	1,10-di-epi-cubenol						
1,13-tetradecadiene	1,13-tetradecadiene						
1,15-hexadecadiene	1,15-hexadecadiene						
1,2-dihydronaphthalene	1,2-dihydronaphthalene	1,2-dihydronaphthalene	Q2092736				
1,3-nonadiene	1,3-nonadiene						
1,3,4-trimethyl-3-cyclohexene-1-carboxaldehyde	1,3,4-trimethyl-3-cyclohexene-1-carboxaldehyde						
1,3,7-octatriene, 3,7-dimethyl-	3,7-dimethyl-1,3,7-octatriene						
1,3,8-p-menthatriene	1,3,8-p-menthatriene	p-mentha-1,3,8-triene	Q27161428				
1,4-cineole	1,4-cineole	1,4-Cineole	Q12470088				
1,4-dimethyl tetrasulfide	1,4-dimethyl tetrasulfide						
1,5-cyclodecadiene	1,5-cyclodecadiene						
1,5-heptadiene	1,5-heptadiene						
1,5,5-trimethyl-6-methylene-cyclohexene	1,5,5-trimethyl-6-methylene-cyclohexene	1,5,5-Trimethyl-6-methylene-cyclohexene	Q24819025				
1,6-cyclodecadiene, 1-methyl-5-methylene-8-(1-methylethyl)-, [s-(e,e)]-	[s-(E,E)]-1-methyl-5-methylene-8-(1-methylethyl)-1,6-cyclodecadiene						
1,6,10-dodecatrien-3-ol, 3,7,11-trimethyl-, [s-(z)]-	[s-(Z)]-3,7,11-trimethyl-1,6,10-dodecatrien-3-ol						
1,8-cineol	1,8-cineol	eucalyptol	Q161572				
1,8-cineole	1,8-cineole	1,4-Cineole	Q12470088	Check for isomer.			
1.3.6-octatriene	1,3,6-octatriene	(3E)-β-ocimene	Q26777012				
11-isopropylidenetricyclo[4.3.1.1(2,5)]undec-3-en-10-one	11-isopropylidenetricyclo[4.3.1.1(2,5)]undec-3-en-10-one						
12-norcyercene-b	12-norcyercene b						
13-norcypera-1(5),11(12)-diene	13-norcypera-1(5),11(12)-diene						
14-hydroxy-(z)-caryophyllene	14-hydroxy-(Z)-caryophyllene						
1h–cycloprop[e]azulen-4-ol, decahydro-1,1,4,7-tetramethyl-, [1ar-(1aα, 4β, 4aβ,7α, 7aβ, 7bα]-	[1ar-(1aalpha,4beta,4abeta,7alpha,7abeta,7balpha]-decahydro-1,1,4,7-tetramethyl-1h-cycloprop[e]azulen-4-ol						
1h–pyrazole, 4,5-dihydro-5,5-dimethyl-4-isopropylidene-	4,5-dihydro-5,5-dimethyl-4-isopropylidene-1h-pyrazole						
2-(1z)-propenyl-phenol	2-(1Z)-propenyl-phenol						
2-carone	2-carone						
2-cyclohexen-1-ol, 2-methyl-5-(1-m ethylethenyl)-, cis	cis-2-cyclohexen-1-ol, 2-methyl-5-(1-m ethylethenyl)						
2-cyclohexen-1-one, 4-(3-hydroxybutyl)-3,5,5-trimethyl-	4-(3-hydroxybutyl)-3,5,5-trimethyl-2-cyclohexen-1-one						
2-cyclopenten-1-one, 3,4-dimethyl-	3,4-dimethyl-2-cyclopenten-1-one						
apocarotenes	apocarotenes						
heptanol<2,6-dimethyl-2->	2,6-dimethyl-2-heptanol	2,6-dimethyl-2-heptanol	Q27272159				
cuminaldeyde	cuminaldeyde						
methyl citronelate	methyl citronelate						
cyclohexane, (2-nitro-2-propenyl)-	(2-nitro-2-propenyl)-cyclohexane						
hexane, 1,6-dibromo-	1,6-dibromo-hexane						
b-cymene	b cymene	p-cymene	Q284072				
cymene 2.5‐dimethoxy‐para	cymene-2,5‐dimethoxy‐para						
benzo[b]naphtho[2,3-d]thiophene,8-dimethyl-	8-dimethyl-benzo[b]naphtho[2,3-d]thiophene						
2-pentadecanone, 6,10,14-trimethyl	6,10,14-trimethylpentadecan-2-one						
2,2,6-trimethyl-1-(3-methylbuta-1, 3-dienyl)-7-oxabicyclo [4.1.0] heptan-3-ol	2,2,6-trimethyl-1-(3-methylbuta-1, 3-dienyl)-7-oxabicyclo [4.1.0] heptan-3-ol						
d‐limonene	d‐limonene	(+)-limonene	Q27888324	Check for isonerism.			
2,3,3-trimethyl hexane	2,3,3-trimethyl hexane						
2,4-cyclohexadien-1-one, 3,5-bis(1,1-dimethylethyl)-4-hydroxy-	3,5-bis(1,1-dimethylethyl)-4-hydroxy-2,4-cyclohexadien-1-one						
2,4-heptadienal	2,4-heptadienal	(2E,4E)-2,4-heptadienal	Q27292092				
bicyclo(2.2.1)heptane-2-ol	bicyclo(2.2.1)heptane-2-ol						
bicyclo(2.2.1)hepten-2-one	bicyclo(2.2.1)hepten-2-one						
α-7-epi-selinene	alpha-7-epi-selinene						
bicyclo[3.1.1]heptane, 2,6,6-trimethyl-,(1α,2β,5α)	(1alpha,2beta,5alpha)-2,6,6-trimethyl-bicyclo[3.1.1]heptane						
dehydro-1,8-cineole	dehydro-1,8-cineole						
bomeol	bomeol						
dehydro-sabina ketone	dehydro-sabina ketone						
dehydroaromadendrane	dehydroaromadendrane						
bornylacetate	bornylacetate						
2.6-octadienoic acid	2,6-octadienoic acid						
2‐amino‐4,6‐dihydroxypyrimidine,n,o,o′‐tris(trifluoroacetyl)	2‐amino‐4,6‐dihydroxypyrimidine,n,o,o′‐tris(trifluoroacetyl)						
3-(4,8,12-trimethyltridecyl) furan	3-(4,8,12-trimethyltridecyl) furan						
3-cyclohexen-1-carboxaldehyde, 3,4-dimethyl-	3,4-dimethyl-3-cyclohexen-1-carboxaldehyde						
3-iso-thujanol	3-iso-thujanol						
3-methyl-2-(2-methyl-2-butenyl	3-methyl-2-(2-methyl-2-butenyl)						
cadinene	cadinene	cadinene	Q414529				
calamanene	calamanene						
3-methylamyl isobutyrate	3-methylamyl isobutyrate						
3-vinyl-[4h]-1,2-dithiin	3-vinyl-[4h]-1,2-dithiin						
3,3-dimethylbutan-2-yl (e)-2-methylbut-2-enoate	3,3-dimethylbutan-2-yl (E)-2-methylbut-2-enoate						
3,4-dimethyl-benzoic acid 4-tert-bytyl-phenyl ester	3,4-dimethyl-benzoic acid 4-tert-bytyl-phenyl ester						
3,4-dimethylbenzyl alcohol	3,4-dimethylbenzyl alcohol	α,α-dimethylbenzyl alcohol	Q15726116				
3,5-dimethoxytoluene	3,5-dimethoxytoluene	3,5-Dimethoxytoluene	Q72468632	No chemical compound.			
3,7-dimethyl-1,3,6-octatrien	3,7-dimethyl-1,3,6-octatrien	ocimene	Q412945				
caryophylla-4(12),8(13)-dien-5α-ol	caryophylla-4(12),8(13)-dien-5.alpha.-ol						
caryophylla-4(12),8(13)-dien-5β-ol	caryophylla-4(12),8(13)-dien-5.beta.-ol						
3,7,7-trimethyl-1,3,5-cycloheptatriene	3,7,7-trimethyl-1,3,5-cycloheptatriene						
3.6-octadienoic acid	3,6-octadienoic acid	(2E)-geranic acid	Q4381113				
3‐methyl‐buten‐2‐al.	3‐methyl‐buten‐2‐al.						
4-methyl-1,3-heptadiene	4-methyl-1,3-heptadiene						
4-thujen-2-alpha-yl acetate	4-thujen-2-alpha-yl acetate						
4,5-epoxy-trans-carene	4,5-epoxy-trans-carene						
4,5,9,10-dehydroisolongifolene	4,5,9,10-dehydro isolongifolene						
5,7-octadien-4-one, 2,6-dimethyl-, (z)-	(Z)-2,6-dimethyl-5,7-octadien-4-one						
6-methyl-3,5-heptadiene-2-one	6-methyl-3,5-heptadiene-2-one	6-Methyl-3,5-heptadien-2-one	Q27162192				
6,10,14-trimethyl-2-pentadecanone	6,10,14-trimethyl-2-pentadecanone						
6,10,14-trimethyl-5,9,13-pentadecatrien-2-one	6,10,14-trimethyl-5,9,13-pentadecatrien-2-one						
6,10,14-trimethyl 2-pentadecanone	6,10,14-trimethyl 2-pentadecanone						
6,10,14-trimethyl pendadecanone	6,10,14-trimethyl pendadecanone						
6,9-guaiadiene	6,9-guaiadiene						
eudesm-4(15),7-dien-1α-ol	eudesm-4(15),7-dien-1-alpha-ol						
7-tetracyclo [6.2.1.0 (3.8)0(3.9)] undecanol, 4,4,11,11-tetramethyl-	4,4,11,11-tetramethyl-7-tetracyclo[6.2.1.0 (3.8)0(3.9)]undecanol						
7-tetracyclo [6.2.1.0(3.8)0(3.9)] undecanol, 4,4,11,11-tetramethyl							
7‐epi‐alpha‐selinene	7‐epi‐alpha‐selinene	(-)-7-epi-alpha-selinene	Q27131695				
8,11,14-eicosatrienoic acid. (z.z.z)-	(Z,Z,Z)-8,11,14-eicosatrienoic acid	dihomo-γ-linolenic acid	Q415398				
9-octadecene, (e)	(E)-9-octadecene	trans-octadec-9-ene	Q27117204				
acétate geranyl	acétate geranyl	geranyl acetate	Q426437				
acetate neryl	acetate neryl	neryl acetate	Q1368877				
furan, 2,3-dihydro-3-methyl-	2,3-dihydro-3-methyl-furan						
furazan, 3-(dimethylaminomethylenamino)-4-(1,2,4-triazol-3-yl)-	3-(dimethylaminomethylenamino)-4-(1,2,4-triazol-3-yl)-furazan						
alloaromadendrene epoxide	alloaromadendrene epoxide						
alloaromadendrene oxide	alloaromadendrene oxide						
alloaromadendrene oxide-(1)	alloaromadendrene oxide-(1)						
alloaromadendrene oxide-(2)	alloaromadendrene oxide-(2)						
cis‐p‐mentha‐1(7),8‐dien‐2‐ol	cis‐p‐mentha‐1(7),8‐dien‐2‐ol						
cis‐p‐mentha‐2,8‐dien‐1‐ol	cis‐p‐mentha‐2,8‐dien‐1‐ol						
ρ-cymene	ρ-cymene						
citral (29), caryophyllene							
alpha-longyi pinene	alpha-longyi pinene	(+)-α-longipinene	Q27132143				
germacerene-d	germacerene d						
alpha-tumerone	alpha-tumerone						
alpha cis-ocimene	alpha cis-ocimene						
amorpha-4,9-dien-2-ol	amorpha-4,9-dien-2-ol						
criptone							
guaia-1(10)-11-diene	guaia-1(10)-11-diene						
gurjunene <beta‐>	"beta‐gurjunene"	beta-Gurjunene	Q27154913				
methyl 3-(1-formyl-3,4-methylenedioxy)benzoate	methyl 3-(1-formyl-3,4-methylenedioxy)benzoate						
hepten-2-one(6-methyl-5)	hepten-2-one(6-methyl-5)	6-methyl-5-hepten-2-one	Q3209146				
cyclohexane, 3-hexyl	3-hexyl-cyclohexane						
z-β-farnesene	Z-beta-farnesene	(6Z)-β-farnesene	Q27119785				
cyclopropanemethanol, α., 2‐di methyl‐2‐(4‐methyl‐3‐pentenyl)	cyclopropanemethanol-alpha-2‐di methyl‐2‐(4‐methyl‐3‐pentenyl)						
hydrodistillation: camphor	camphor						
δ-2-carene	delta-2-carene	carene	Q19414				
cyperene oxide	cyperene oxide						
β-himachalol	beta-himachalol	himachalol	Q27106868				
beta-tumerone	beta-tumerone						
bicyclo [2.2.1] heptane, 7,7-dimethy l-2-methylene-	7,7-dimethy l-2-methylene-bicyclo[2.2.1] heptane						
bicyclo [3.1.0] hexane, 4-methylene-1-(1-methylethyl)-	7,7-dimethy-l-2-methylene-bicyclo[2.2.1]heptane						
bicyclo [7.2.0]undec-4-ene, 4,11,11-trimethyl-8-methylene-,[1r-(1r*,4z, 9s*)]-	[1r-(1r*,4z, 9s*)]-4,11,11-trimethyl-8-methylene-bicyclo [7.2.0]undec-4-ene						
davanones	davanones	davanone b	Q67879825				
τ-muurolol	tau-muurolol	(+)-Tau-muurolol	Q27132742				
β-oploplenone	beta-oploplenone						
α-acorenol	alpha-acorenol						
dehydro-neotigogenin benzoate	dehydro-neotigogenin benzoate						
α-amorphene	alpha-amorphene	(-)-alpha-amorphene	Q74417798				
α-bornyl acetate	alpha-bornyl acetate	(±)-bornyl acetate	Q780165				
butanoic acid-butyl ester	butanoic acid-butyl ester	butyl butyrate	Q2212471				
butanoic acid, 2-methyl-, ethyl ester	ethyl ester-2-methyl-butanoic acid	ethyl 2-methylbutyrate	Q1371466				
butanoic acid, 3-hexenyl ester, (e)-	(E)-3-hexenyl ester-butanoic acid	Property					
byciclo-germacrene	bicyclo-germacrene						
cadina-4,10(15)-dien-3-one	cadina-4,10(15)-dien-3-one						
α-camphonelal	alpha-camphonelal						
cameroonan-7-α-ol	cameroonan-7-alpha-ol						
campholene aldehyde	campholene aldehyde						
caranone <cis‐4‐>	cis‐4‐caranone 						
carbonic acid, 4-isopropylphenyl propargyl ester	carbonic acid, 4-isopropylphenyl propargyl ester						
caryophylla-4(12),8(13)-dien-5-olh	caryophylla-4(12),8(13)-dien-5-olh						
e-nerolidol	E-nerolidol	(6E)-(+/-)-nerolidol	Q415421				
e,e-farnesal	E,E-farnesal	(2E,6E)-farnesal	Q27098285				
caryophyllane-2-6-β-oxide	caryophyllane-2-6-beta-oxide						
e,e-α-farnesene	E,E-alpha-farnesene	α-farnesene	Q419814				
ɤ-muurolene		cadinene	Q414529	isomerism.			
ɤ-terpinene		Terpinene	Q424891	isomerism.			
caryophylleneoxide	caryophyllene oxide						
endo-fenchyl acetate	endo-fenchyl acetate						
cedr-8(15)-en-9-α-ol	cedr-8(15)-en-9-alpha-ol						
epi-zonarene	epi-zonarene						
epoxyocimene	epoxy ocimene	trans-epoxyocimene	Q67880127				
iso-spathulenol	iso-spathulenol						
cis-(z)-α-bisabolene epoxide	cis-(Z)-alpha-bisabolene epoxide						
α-phellandren-8-ol	alpha-phellandren-8-ol						
cis-cadina-1(6),4-diene	cis-cadina-1(6),4-diene						
eucalyptol(1,8) cineole	1,8-cineole						
eudesma-4,11-dien-2-ol	eudesma-4,11-dien-2-ol						
cis-α-ambrinol	cis-alpha-ambrinol						
cis-β-guaiene	cis-beta-guaiene	beta-Guaiene	Q27160891				
cis-limonene	cis-limonene	(±)-limonene	Q278809				
fenchyl butanoate	fenchyl butanoate						
fenchyl isobutanoate	fenchyl isobutanoate						
fenhone	fenhone						
cis-muurola-3,5-diene	cis-muurola-3,5-diene	cis-muurola-3,5-diene	Q27131289				
cis-muurola-3.5-diene	cis-muurola-3,5-diene	cis-muurola-3,5-diene	Q27131289				
cis-muurola-4(14),5-diene	cis-muurola-4(14),5-diene	cis-muurola-4(14),5-diene	Q27131290				
α‐bulnesene	alpha‐bulnesene			beta-bulnesene (Q67879714). isomerism.			
cis-p-mentha-1(7),8-dien-2-ol	cis-p-mentha-1(7),8-dien-2-ol						
cis-p-mentha-2,8-dien-1-ol	cis-p-mentha-2,8-dien-1-ol						
cis-pinocamphone	cis-pinocamphone						
cis-rho-menth-2-en-1-ol	cis-rho-menth-2-en-1-ol						
cis‐carveol	cis‐carveol	(+)-cis-carveol	Q27105278	cis-(-)-carveol (Q27891515)			
cis‐limonene oxide	cis‐limonene oxide	cis-(-)-limonene oxide	Q27253522	cis-(+)-limonene oxide (Q27093910)			
geranyl-n-butyrate	geranyl-n-butyrate	Geranyl butyrate	Q10864413				
λ-gurjunene	lambda-gurjunene			(-)-alpha-gurjunene (Q27131296); beta-Gurjunene (Q27154913; gamma-gurjunene (Q67880022). isomerism.			
linalool oxide	linalool oxide	cis-linalool oxide	Q27160941				
β-allylanisole	beta-allylanisole						
germacra-4(15),5,10(14)-trien-1-α-ol	germacra-4(15),5,10(14)-trien-1.alpha.-ol						
mentha-2,8-diene	mentha-2,8-diene						
prenopsan-8-ol	prenopsan-8-ol						
β-cedrene epoxide	beta-cedrene epoxide	Cedrene epoxide	Q72516568	isomerism.			
z-asarone	Z-asarone	β-asarone	Q27089385				
z-beta-ocimene	Z-beta-ocimene	(3Z)-β-ocimene	Q26777005				
hexane-2,3-dione	hexane-2,3-dione	acetonylacetone	Q209264				
methyl eugenold	methyl eugenol d						
e-cinnamoyl acetate	E-cinnamoyl acetate						
selina-3,7(11)-diene	selina-3,7(11)-diene	α-selinene	Q7448480				
selina-4,11-diene	selina-4,11-diene						
dauca-4(11),8-diene	dauca-4(11),8-diene						
δ‐cadinene	delta‐cadinene	(+)-δ-cadinene	Q27089406				
iso-borneol	iso-borneol	borneol	Q27103499				
di-epi-α-cedrene	di-epi-.alpha.-cedrene	Cedrene	Q1956285	cedr-8-ene (Q27108601) : (-)-alpha-cedrene. isomerism.			
β-tujeno	beta-tujeno	beta-thujene	Q408209				
neo-iso-menthol	neo-iso-menthol						
e-2-hexenal	E-2-hexenal	(2E)-2-hexenal	Q209405				
e-asarone	E-asarone						
βinocarvone	beta-inocarvone						
e-methoxi-cinnamaldehyde	E-methoxi-cinnamaldehyde						
e,e-farnesylacetate	E,E-farnesyl acetate						
elemene <beta‐>	beta‐elemene 	β-elemene	Q27132237				
γ‐terpinene	gamma‐terpinene	γ-terpinene	Q423975				
α-methylcynnamaldehyde	alpha-methylcynnamaldehyde						
α-panasinsen	alpha-panasinsen	Alpha-Panasinsen	Q75063773				
ortho‐cymene	ortho‐cymene	o-cymene	Q27161449				
α-phellandrene epoxide	alpha-phellandrene epoxide						
trans-β-guaiene	trans-beta-guaiene	beta-Guaiene	Q27160891				
eudesma-4(15),7-dien-1-β-ol	eudesma-4(15),7-dien-1-beta-ol						
terpinyl acetate	terpinyl acetate	(+/-)-α-terpinyl acetate	Q4456134	beta-Terpinyl acetate (Q27114875) ; cis-β-terpinyl acetate (Q27262888) ; γ-terpinyl acetate (Q27114893) ; (+)-α-terpinyl acetate (Q27289621); 			
p-mentha-1,5-dien-8-ol	p-mentha-1,5-dien-8-ol	perillyl alcohol	Q15391928				
ferula lactone i	ferula lactone i						
fumaric acid, heptadecyl 2,2,2-trifluoroethyl ester	fumaric acid, heptadecyl 2,2,2-trifluoroethyl ester						
ligustrazin	ligustrazin						
α‐cadinol	alpha‐cadinol	(-)-α-cadinol	Q4734900				
α‐gurjunene	alpha‐gurjunene	(-)-alpha-gurjunene	Q27131296	Isomerism.			
α‐phellandrene	alpha‐phellandrene	(-)-α-phellandrene	Q25933788	(+)-α-phellandrene (Q25933668). Check for isomerism.			
α‐pinene	alpha‐pinene	(+)-α-pinene	Q2095629				
α‐selinene	alpha‐selinene	α-selinene	Q7448480				
α‐thujene	alpha‐thujene	alpha-thujene	Q27121796				
linalool-l	linalool-l	(-)-linalool	Q27105200				
intermediol	intermediol						
phenol, 2-methyl-4-(1,1,3,3-tetramethylbutyl)-	2-methyl-4-(1,1,3,3-tetramethylbutyl)-phenol						
β-1,7-di-epi cedrene	beta-1,7-di-epi cedrene						
germacra-4(15),5,10(14)-trien-1α-ol	germacra-4(15),5,10(14)-trien-1.alpha.-ol						
pinene	pinene	(+)-α-pinene	Q2095629	Check for isonerism. (-)-alpha-pinene (Q300852)			
widdra-2,4(14)-diene	widdra-2,4(14)-diene						
β-transocimene	beta-transocimene						
yogomi alcohol	yogomi alcohol						
terpinenol	terpinenol	alpha-terpineol	Q27109437				
p-menth-8-en-1,7-diol	p-menth-8-en-1,7-diol						
p-mentha-1(7),8-diene (pseudolimonene)	p-mentha-1(7),8-diene						
z(e)-alpha-farnesene	(Z,E)-alpha-farnesene						
β-ethyl-p-methoxybenzyl alcohol	beta-ethyl-p-methoxybenzyl alcohol						
selin-11-en-4-alpha-ol	selin-11-en-4-alpha-ol						
modheph-2-ene	modheph-2-ene						
muurola-4,10(14)-dien-1β-ol	muurola-4,10(14)-dien-1.beta.-ol						
octasiloxane,1,1,3,3,5,5,7,7,9,9,11,11,13,13,15,15-hexadecamethyl-							
iso-dihydro carveol acetate	iso-dihydro carveol acetate						
iso-elemicin	iso-elemicin						
trans-dihydro-α-terpineol	trans-dihydro-alpha-terpineol						
trans-epoxy-ocimene	trans-epoxy-ocimene						
pinocarvyl cis-acetate	cis-pinocarvyl acetate (q67879802)	cis-pinocarvyl acetate	Q67879802	Check for isonerism.			
neo-intermedeol	neo-intermedeol						
neo-iso-3-thujanol	neo-iso-3-thujanol						
trans-muurola-3,5-diene	trans-muurola-3,5-diene						
z-caryophyllene	Z-caryophyllene	humulene	Q1995108	Check for isomerism.			
z-cinnamaldehyde	Z-cinnamaldehyde	(Z)-3-Phenyl-2-propenal	Q27161918				
l-calamenene	l-calamenene	trans-calamenene	Q67880179	Isomerism.			
γ-cuprenene	gamma-cuprenene			(-)-alpha-cuprenene (Q27132737). Isomerism.			
thymene	thymene						
penta-1,3-diynylbenzene	penta-1,3-diynylbenzene						
γ‐cadinene	gamma‐cadinene	(+)-γ-cadinene	Q27132468	(-)-γ-cadinene (Q27132466). Check for isomerism.			
ocimene (e)-β	(E)-beta-ocimene	(3E)-β-ocimene	Q26777012				
tricyclo[2.2.1.0 (2,6)] heptane, 1,7-dimethyl-7-(4-methyl-3-pentenyl)-, (−)-	(-)-1,7-dimethyl-7-(4-methyl-3-pentenyl)-tricyclo[2.2.1.0 (2,6)] heptane						
tricyclo[5.2.2.0(1.6)]undecan-3-ol, 2-methylene-6,8,8-trimethyl-	2-methylene-6,8,8-trimethyl-tricyclo[5.2.2.0(1.6)]undecan-3-ol						
longifolene aldehyde	longifolene aldehyde						
iso spathuelenol	iso spathuelenol						
trans-α-ambrinol	trans-alpha-ambrinol						
menthatriene <1.3.8‐para‐>	1,3,8‐para‐menthatriene	p-mentha-1,3,8-triene	Q27161428				
naphthalene, 1,2,3,5,6,8a–hexahydro-4,7-dimethyl-1-(1-methylethyl)-, (1s–cis)-	(1s-cis)-1,2,3,5,6,8a-hexahydro-4,7-dimethyl-1-(1-methylethyl)-naphthalene						
α-terpenyl acetate	alpha-terpenyl acetate						
p-cymene-8-ol acetate	p-cymene-8-ol acetate						
terpinene 4-ol	terpinene 4-ol	(+/-)-4-terpineol	Q416114				
ledene oxide-(ii)	ledene oxide-(ii)						
β‐selinene	beta‐selinene	(+)-beta-selinene	Q27108640				
trans-myrtenol	trans-myrtenol						
trans-nerodilol	trans-nerodilol						
z-verbenol	Z-verbenol			(S)-cis-verbenol (Q27293968); (S)-trans-verbenol (Q27287910). Isomerism.			
l-phellandrene	l-phellandrene	(-)-α-phellandrene	Q25933788	(-)-β-phellandrene (Q27105254). Check for isonerism.			
phenol, 3,4-dimethyl-	3,4-dimethyl-phenol	dimethyl phenol	Q27077049				
para‐cymenene	para‐cymenene	p-α-dimethyl styrene	Q27162104				
trans-pinocarveole	trans-pinocarveole						
limonene
verbenone							
trans‐pinocarveol	trans‐pinocarveol	trans-(-)-pinocarveol	Q27156713				
α‐terpineol	alpha‐terpineol	alpha-terpineol	Q15724770				
phellandranal	phellandranal						
trans-cadina 1(6)-4-diene	trans-cadina 1(6)-4-diene						
tricyclo [4.4.0.0(2,7)] dec-3-ene-3-methanol, 1-methyl-8-(1-methylethyl)-	1-methyl-8-(1-methylethyl)-tricyclo [4.4.0.0(2,7)] dec-3-ene-3-methanol						
nardosina-1(10),11-diene	nardosina-1(10),11-diene						
trans-γ-bisabolene	trans-gamma-bisabolene						
phenol, m-tert-butyl-	m-tert-butyl-phenol						
β-bisabolenene	beta-bisabolenene						
phenylpropanoid	phenylpropanoid	phenylpropanoid	Q417181				
massoia lactona	massoia lactona						
valeric acid, 3-tridecyl ester	valeric acid, 3-tridecyl ester						
naphthalene, 1,2,3,4,4a,5,6,7-octa hydro-4a-methyl-	1,2,3,4,4a,5,6,7-octa hydro-4a-methyl-naphthalene						
verbenyl ethyl ether	verbenyl ethyl ether						
terpine-4-ol	terpine-4-ol						
terpinen‐4‐ol	terpinen‐4‐ol	(+/-)-4-terpineol	Q416114				
selina-3,7-diene	selina-3,7-diene						
β‐pinene	beta‐pinene	beta-pinene	Q300928				
trans-muurola-4(14),5-diene	trans-muurola-4(14),5-diene	trans-Muurola-4(14),5-diene	Q27160518				
γ-epoxy-elemene	gamma-epoxy-elemene						
nerolidol <e‐>	e‐nerolidol	(6E)-(+/-)-nerolidol	Q415421				
phenol, 2,3,5,6-tetramethyl-	2,3,5,6-tetramethyl-phenol						
tridecene	tridecene	1-tridecene	Q27162003				
tridecan‐2‐one	tridecan‐2‐one	2-tridecanone	Q27147536				
longipinocarveol, trans-	trans-longipinocarveol						
umbelullone	umbelullone						
silphiperfolan-6-α-ol	silphiperfolan-6-α-ol						
n-octylacetate	n-octylacetate	octyl acetate	Q2173897				
β-mentha-1,5-dien-8-ol	beta-mentha-1,5-dien-8-ol						
soborneol	soborneol						
transβ-ocimène	trans-beta-ocimène	(3E)-β-ocimene	Q26777012				
silphiperfolan-7-β-ol	silphiperfolan-7-beta-ol						
trans-cadina-1,4-diene	trans-cadina-1,4-diene						
thuja-2,4(10)-diene	thuja-2,4(10)-diene						
nona-3,5-dien-2-one	nona-3,5-dien-2-one						
pentadecan‐2‐one	pentadecan‐2‐one	2-pentadecanone	Q27161440				
neo phytadiene	neo phytadiene						
turmerone	turmerone	Turmerone	Q27155090				
limonone	limonone						
ocimene (z)-beta	ocimene (Z)-beta	(3Z)-β-ocimene	Q26777005				
myltayl-4(12)-ene	myltayl-4(12)-ene						
trans-cadina-1(6),4-diene	trans-cadina-1(6),4-diene						
γ-terpinolene	gamma-terpinolene	Terpinene	Q424891				
undecanone <2‐>	2‐undecanone 	2-undecanone	Q2024187				
trans‐p‐mentha‐1(7),8‐dien‐2‐ol	trans‐p‐mentha‐1(7),8‐dien‐2‐ol						
trans‐p‐mentha‐2,8‐dien‐1‐ol	trans‐p‐mentha‐2,8‐dien‐1‐ol						
trans-p-mentha-2,8-dienol	trans-p-mentha-2,8-dienol						
muurolol	muurolol	(+)-Tau-muurolol	Q27132742	Check for isomerism.			
transcarveol	transcarveol						
murolan-3,9(11)-diene-10-peroxy	murolan-3,9(11)-diene-10-peroxy						
silphiperfolan-6-β-ol	silphiperfolan-6-β-ol						
thuj-3-en-10-al	thuj-3-en-10-al						
silphiperfol-5-ene	silphiperfol-5-ene	7-epi-silphiperfol-5-ene	Q67879650	Check for isonerism.			
trans-ascaridol glycol	trans-ascaridol glycol						
imonene-10-al	imonene-10-al						
							
