Compound	Cleaned_cmpnames	WIKIDATA_query	WIKIDATA_id	PubChem_CID	PubChem_cmpname
butanoic acid	butanoic acid	butyric acid	Q193213	264	butyric acid
cumarin	cumarin	coumarin	Q111812	323	coumarin
para-cymen-7-ol	para-cymen-7-ol	4-isopropylbenzyl alcohol	Q1143803	325	4-isopropylbenzyl alcohol
cuminaldehyde	cuminaldehyde	cuminaldehyde	Q419952	326	4-isopropylbenzaldehyde
octanal	octanal	caprylaldehyde	Q416673	454	octanal
indol	indol	indole	Q319541	798	indole
octanol	octanol	caprylic alcohol	Q161666	957	1-octanol
palmitic acid	palmitic acid	palmitic acid	Q209727	985	palmitic acid
2-phenyl-acetaldehyde	2-phenyl-acetaldehyde	(2E)-2-phenyl-2-butenal	Q27162088	998	phenylacetaldehyde
ascabiol	ascabiol	benzyl benzoate	Q413755	2345	benzyl benzoate
bornan-2-one	bornan-2-one	(S)-camphor	Q27095844	2537	camphor
hexadecanol	hexadecanol	cetyl alcohol	Q161632	2682	1-hexadecanol
eucalyptol	eucalyptol	eucalyptol	Q161572	2758	eucalyptol
decanoic acid	decanoic acid	capric acid	Q422613	2969	decanoic acid
deet	deet	diethyltoluamide	Q408389	4284	n,n-diethyl-3-methylbenzamide
safrole	safrole	safrole	Q412424	5144	safrole
stearic acid	stearic acid	stearic acid	Q209685	5281	stearic acid
lactone	lactone	lactone	Q59078	5585	trioxsalen
cholesterol	cholesterol	cholesterol	Q43656	5997	cholesterol
phenyl ethyl alcohol	phenyl ethyl alcohol	phenylethyl alcohol	Q209463	6054	2-phenylethanol
n-hexanal	n-hexanal	hexanal	Q420698	6184	hexanal
cyclopropane	cyclopropane	cyclopropane	Q80250	6351	cyclopropane
ethylene oxide	ethylene oxide	ethylene oxide	Q407473	6354	ethylene oxide
linalool	linalool	(+/-)-linalool	Q410932	6549	linalool
Î±â€“pinene	alpha-pinene	(+)-Î±-pinene	Q2095629	6654	alpha-pinene
diisobutyl phthalate	diisobutyl phthalate	diisobutyl phthalate	Q162259	6782	diisobutyl phthalate
Î²-guaiene	beta-guaiene	(1S,4S)-Î²-guaiene	Q27252250	6949	guaiene
piperitone	piperitone	DL-piperitone	Q2041498	6987	piperitone
salicylaldehyde	salicylaldehyde	salicylaldehyde	Q414492	6998	salicylaldehyde
2-methyl naphthalene	2-methyl naphthalene	2-methylnaphthalene	Q2813819	7055	2-methylnaphthalene
methyleugenol	methyl eugenol	methyl eugenol	Q419829	7127	methyleugenol
eugenyl acetate	eugenyl acetate	eugenol acetate	(Q27116129)	7136	acetyleugenol
benzoyl benzoate	benzoyl benzoate	benzoic anhydride	Q11567424	7167	benzoic anhydride
allyl methacrylate	allyl methacrylate	allyl methacrylate	Q2718014	7274	allyl methacrylate
furfural	furfural	furfural	Q412429	7362	furfural
Î± â€“phellandrene	alpha-phellandrene	(-)-Î±-phellandrene	Q25933788	7460	alpha-phellandrene
gamma-terpinene	gamma-terpinene	ÃŽÂ³-terpinene	Q423975	7461	gamma-terpinene
Î±-terpinene	alpha-terpinene	Î±-terpinene	Q423851	7462	alpha-terpinene
p-cymene	p-cymene	p-cymene	Q284072	7463	p-cymene
cyclopentadiene	cyclopentadiene	cyclopentadiene	Q424390	7612	cyclopentadiene
benzenepropanal	benzenepropanal			7707	3-phenylpropanal
ethylhexanol	ethylhexanol	2-ethylhexanol	Q209388	7720	2-ethylhexanol
isoamyl propionate	isoamyl propionate	isoamyl propionate	Q10869280	7772	isoamyl propionate
citronella	citronella	(S)-(-)-citronellal	Q27105293	7794	citronellal
m-diaminobenzene	m-diaminobenzene	m-phenylenediamine	Q2410205	7935	m-phenylenediamine
acetonyl acetone	acetonyl acetone	acetonylacetone	Q209264	8035	2,5-hexanedione
isobutyl acetate	isobutyl acetate	isobutyl acetate	Q420657	8038	isobutyl acetate
n-pentanal	n-pentanal	pentanal	Q420652	8063	pentanal
hexan-1-ol	hexan-1-ol	1-hexanol	Q76933	8103	1-hexanol
n-heptanal	n-heptanal	heptanal	Q425827	8130	heptanal
nonane	nonane	nonane	Q150694	8141	nonane
octyl acetate	octyl acetate	octyl acetate	Q2173897	8164	octyl acetate
1-decanol	1-decanol	decyl alcohol	Q47118	8174	1-decanol
n-decanal	n-decanal	decanal	Q903525	8175	decanal
bergamiol	bergamiol	(Â±)-linalyl acetate	Q188314	8294	linalyl acetate
p-methylacetophenone	p-methylacetophenone	p-methyl acetophenone	Q2816673	8500	4'-methylacetophenone
(e)-Î²-terpineol	(E)-beta-terpineol	cis-Î²-terpineol	Q27288363	8748	beta-terpineol
p-allylanisole	p-allylanisole	estragole	Q419495	8815	estragole
Î²-citronellol	beta-citronellol	(+/-)-Î²-citronellol	Q27122080	8842	citronellol
n-hexyl acetate	n-hexyl acetate	hexyl acetate	Q418672	8908	hexyl acetate
citronellol acetate	citronellol acetate	citronellyl acetate	Q27138814	9017	citronellyl acetate
Î´-amorphene	delta-amorphene	(+)-Î´-cadinene	Q27089406	10223	delta-amorphene
(+/-)-norephedrine	(+/-)-norephedrine	(+)-phenylpropanolamine	Q413147	10297	(-)-norephedrine
carvacrola,b	carvacrol	carvacrol	Q225543	10364	carvacrol
cyclooctanone	cyclooctanone	cyclooctanone	Q20054504	10403	cyclooctanone
isovaleric acid	isovaleric acid	isovaleric acid	Q415536	10430	isovaleric acid
orcinol	orcinol	orcinol	Q412476	10436	orcinol
ascaridole	ascaridole	ascaridole	Q419442	10545	ascaridole
myrtenol	myrtenol	Myrtenol	Q15425810	10582	myrtenol
Î²-cadinene	beta-cadinene	Î²-cadinene	Q27103285	10657	beta-cadinene
apiol	apiol	apiole	Q21071561	10659	apiole
Î²-cymene	beta-cymene	cymenes	Q2672403	10812	m-cymene
perillyl alcohol	perillyl alcohol	perillyl alcohol	Q15391928	10819	perillyl alcohol
tetradecanoic acid	tetradecanoic acid	myristic acid	Q422658	11005	myristic acid
trans-pinocamphone	trans-pinocamphone	(E)-3-pinanone	Q27271103	11038	3-pinanone
Î²-phellandrene	beta-phellandrene	Î²-phellandrene	Q19606727	11142	beta-phellandrene
glycidol	glycidol	glycidol	Q418265	11164	glycidol
terpinene-4-ol	terpinene-4-ol	(+/-)-4-terpineol	Q416114	11230	terpinen-4-ol
terpinolene	terpinolene	terpinolene	Q2405051	11463	terpinolene
Î³-terpineol	gamma-terpineol	Î³-terpineol	Q27155106	11467	gamma-terpineol
terpin-3-en-1-ol	terpin-3-en-1-ol	(+/-)-4-terpineol	Q416114	11468	p-menth-3-en-1-ol
2-pentyl acetate	2-pentyl acetate	2-pentyl acetate	Q2180922	12278	1-methylbutyl acetate
tetradecane	tetradecane	tetradecane	Q150808	12389	tetradecane
nonadecane	nonadecane	Nonadecane	Q150911	12401	nonadecane
1-eicosanol	1-eicosanol	icosan-1-ol	Q4783532	12404	1-eicosanol
pentacosane	pentacosane	pentacosane	Q151007	12406	pentacosane
tricosane	tricosane	tricosane	Q150977	12534	tricosane
isopentyl isovalerate	isopentyl isovalerate			12613	isoamyl isovalerate
Î´-decalactone	delta-decalactone	Î´-decalactone	Q27159530	12810	delta-decalactone
decyne	decyne	1-decyne	Q3486511	12997	1-decyne
fenchone	fenchone	Fenchone	Q414784	14525	fenchone
p-cymen-8-ol	p-cymen-8-ol	p-cymen-8-ol	Q27265496	14529	2-(4-methylphenyl)propan-2-ol
beta pinene	beta pinene	beta-pinene	Q300928	14896	beta-pinene
himachalene	himachalene	ÃŽÂ²-himachalene	Q27121532	15095	beta-himachalene
2-methyltetradecane	2-methyltetradecane			15268	2-methyltetradecane
allyltoluene	allyltoluene			15317	1-allyl-2-methylbenzene
(+)-fenchol	(+)-fenchol	fenchol	Q417941	15406	fenchol
n-decane	n-decane	decane	Q150717	15600	decane
t-butylhydroquinone	tert-butylhydroquinone	tert-butylhydroquinone	Q662443	16043	tert-butylhydroquinone
allyl trisulfide	allyl trisulfide	allyl trisulfide	Q17148332	16315	diallyl trisulfide
perillic aldehyde	perillic aldehyde	perillaldehyde	Q3117895	16441	perillaldehyde
diallyl disulfide	diallyl disulfide	allyl disulfide	Q419633	16590	diallyl disulfide
isopentyl hexanoate	isopentyl hexanoate	isoamyl hexanoate	Q27159714	16617	isopentyl hexanoate
d-carvone	d-carvone	(Ã‚Â±)-carvone	Q416800	16724	d-carvone
terpineol	terpineol	terpineol	Q420786	17100	alpha-terpineol
1-octen-3 yl acetate	1-octen-3-yl acetate	1-octen-3-yl acetate	Q15927659	17121	1-octen-3-yl acetate
origanene	origanene	alpha-thujene	Q27121796	17868	alpha-thujene
Î²-butyrolactone	beta-butyrolactone	Î²-butyrolactone	Q27155863	18303	beta-butyrolactone
p-thymol	p-thymol	thymol	Q408883	18597	4-isopropyl-3-methylphenol
oct-1-en-3-ol	oct-1-en-3-ol	oct-1-en-3-ol	Q161667	18827	1-octen-3-ol
neomenthol	neomenthol	(+)-neomenthol	Q27089418	19243	neomenthol
2-pentylfuran	2-pentylfuran	2-amylfuran	Q27161382	19602	2-pentylfuran
p-isobutyltoluene	p-isobutyltoluene	1-methyl-4-(1-methylpropyl)-benzene	Q27160474	21240	benzene, 1-methyl-4-(2-methylpropyl)-
(e)-dihydrocarvone	(e)-dihydrocarvone	(-)-dihydrocarvone	Q27105270	22227	d-dihydrocarvone
cis-linalool oxide	cis-linalool oxide	cis-linalool oxide	Q27160941	22310	2-methyl-2-vinyl-5-(1-hydroxy-1-methylethyl)tetrahydrofuran
Î±-limonene	alpha-limonene	(Â±)-limonene	Q278809	22311	limonene
methyl decyl ketone	methyl decyl ketone	2-dodecanone	Q27161470	22556	2-dodecanone
pentadec-1-ene	pentadec-1-ene	1-pentadecene	Q3374882	25913	1-pentadecene
Î´-3-carene	delta-3-carene	carene	Q19414	26049	3-carene
menthone	menthone	menthone	Q54015201	26447	menthone
Î²-bisabolol	beta-bisabolol	Î²-bisabolol	Q27283109	27208	3-cyclohexen-1-ol, 1-(1,5-dimethyl-4-hexenyl)-4-methyl-
Î±-fenchene	alpha-fenchene	(âˆ’)-Î±-fenchene	Q24791131	28930	alpha-fenchene
d-verbenone	d-verbenone	verbenone	Q421151	29025	4,6,6-trimethylbicyclo[3.1.1]hept-3-en-2-one
anisyl methyl ketone	anisyl methyl ketone			31231	4-methoxyphenylacetone
hydrocinnamic alcohol	hydrocinnamic alcohol	3-phenyl-1-propanol	Q27160792	31234	3-phenyl-1-propanol
p-anisaldehyde	p-anisaldehyde	p-anisaldehyde	Q174937	31244	4-methoxybenzaldehyde
Î²-myrcene	beta-myrcene	myrcene	Q424577	31253	myrcene
isopentyl acetate	isopentyl acetate	isoamyl acetate	Q221307	31276	isoamyl acetate
n-nonanal	n-nonanal	nonanal	Q419668	31289	nonanal
2-methyldodecan-1-ol	2-methyldodecan-1-ol			42265	2-methyl-1-dodecanol
octylbutyrate	octyl butyrate	octyl butyrate	Q27161916	61030	octyl butyrate
linalylpropionate	linalyl propionate	linalyl propionate	Q27274686	61098	linalyl propionate
caryophyllenol	caryophyllenol	caryophyllenol i	Q27236187	61125	beta-caryophyllene alcohol
verbenol	verbenol	cis-Verbenol	Q73801834	61126	verbenol
theaspirane b	theaspirane b	Theaspirane	Q27161796	61953	2,6,10,10-tetramethyl-1-oxaspiro[4.5]dec-6-ene
p-cymenene	p-cymenene	p-ÃŽÂ±-dimethyl styrene	Q27162104	62385	1-methyl-4-(prop-1-en-2-yl)benzene
Î²-bourbonene	beta-bourbonene	beta-bourbonene	Q27160892	62566	beta-bourbonene
isoborneol	isoborneol	(+)-borneol	Q412435	64685	isoborneol
(+)-cedrol	(+)-cedrol	cedrol	Q1052617	65575	cedrol
pseudolimonen	pseudolimonen	(-)-limonene	Q27089405	68140	1-methylene-4-(1-methylvinyl)cyclohexane
artemisia ketone	artemisia ketone	isoartemisia ketone	Q27236857	68346	3,3,6-trimethylhepta-1,5-dien-4-one
cyclopentanone, 2-cyclopentylidene	2-cyclopentylidene cyclopentanone	2-cyclopentylidene cyclopentanone		69995	2-cyclopentylidenecyclopentanone
2-acetyl-6-methoxynaphthalene	2-acetyl-6-methoxynaphthalene	2-acetyl-6-methoxynaphthalene	Q27263377	77506	2-acetyl-6-methoxynaphthalene
iso-pinocamphone	iso-pinocamphone			86707	3,5,5-trimethylbicyclo[2.2.1]heptan-2-one
p-menth-1-en-9-ol	p-menth-1-en-9-ol	p-menth-1-en-9-ol	Q27261954	86753	p-menth-1-en-9-ol
(s)-cis-verbenol	(S)-cis-verbenol	(S)-cis-verbenol	Q27293968	87839	(s)-cis-verbenol
trans-pinocarveol	trans-pinocarveol	trans-(-)-pinocarveol	Q27156713	88302	trans-pinocarveol
davanone d	davanone d			88556	davanone d
isobornyl propionate	isobornyl propionate	isobornyl propionate	Q27268818	89306	isobornyl propionate
phellandral	phellandral	phellandral	Q27285352	89488	phellandral
Î±-acoradiene	alpha-acoradiene			90351	acoradiene
Î³-gurjunene	gamma-gurjunene	gamma-gurjunene	Q67880022	90805	1,4-dimethyl-7-(prop-1-en-2-yl)-1,2,3,3a,4,5,6,7-octahydroazulene
aromadendrene	aromadendrene	allo-aromadendrene	Q67879598	91354	aromadendrene
trans-thujone	trans-thujone	ÃŽÂ²-thujone	Q27121861	91456	beta-thujone
Î²-eudesmol	beta-eudesmol	Î²-eudesmol	Q27108630	91457	beta-eudesmol
sobrerol	sobrerol	sobrerol	Q3963210	91463	sobrerol
limonene epoxide	limonene epoxide	limonene 1,2-epoxide	Q27101901	91496	limonene oxide
Î±-pinene oxide	alpha-pinene oxide	alpha-pinene oxide	Q27104051	91508	alpha-pinene oxide
elemol	elemol	elemol	Q27282855	92138	elemol
Î±-curcumene	alpha-curcumene	Î±-curcumene	Q27132148	92139	alpha-curcumene
Î±-ethyl-p-methoxybenzyl alcohol	alpha-ethyl-p-methoxybenzyl alcohol			92218	1-(4-methoxyphenyl)-1-propanol
Î±-eudesmol	alpha-eudesmol	Î±-eudesmol	Q27108609	92762	alpha-eudesmol
bornyl-acetate	bornyl-acetate	(Â±)-bornyl acetate	Q780165	93009	2-camphanol acetate
Î²-cubebene	beta-cubebene	beta-cubebene	Q27108624	93081	beta-cubebene
Î±-cyclocitral	alpha-cyclocitral	Î±-cyclocitral	Q27266437	94143	alpha-cyclocitral
Î±-santalene	alpha-santalene	(+)-alpha-santalene	Q27131275	94164	alpha-santalene
Î´-guaiene	delta-guaiene	guaienes	Q56010321	94275	delta-guaiene
2-methyl-3-phenyl-propanal	2-methyl-3-phenyl-propanal			95593	2-methyl-3-phenylpropanal
6-methylheptan-2-ol	6-methylheptan-2-ol	(2S)-6-Methylheptan-2-ol	Q72491123	96476	6-methyl-2-heptanol
2-methylbutyl isobutyrate	2-methylbutyl isobutyrate	2-methylbutyl isobutyrate	Q27291007	97883	2-methylbutyl isobutyrate
Î±-campholenealdehyde	alpha-campholene aldehyde			98497	2-(2,2,3-trimethylcyclopent-3-en-1-yl)acetaldehyde
pinol	pinol			101153	pinol
Î²-patchoulene	beta-patchoulene	beta-patchoulene	Q67879730	101731	beta-patchoulene
pinocarvyl acetate	pinocarvyl acetate	cis-pinocarvyl acetate	Q67879802	102553	6,6-dimethyl-2-methylenebicyclo[3.1.1]hept-3-yl acetate
isobutyl 2-methylbutyrate	isobutyl 2-methylbutyrate	Isobutyl 2-methylbutanoate	Q72485061	102820	isobutyl 2-methylbutyrate
Î±-fenchyl acetate	alpha-fenchyl acetate	fenchyl acetate	Q27280577	107217	fenchyl acetate
Î±-terpineol acetate	alpha-terpineol acetate	(+/-)-Î±-terpinyl acetate	Q4456134	111037	alpha-terpinyl acetate
2-aminoundecane	2-aminoundecane			114476	2-aminoundecane
trans-p-menth-2-en-1-ol	trans-p-menth-2-en-1-ol	trans-(-)-p-menth-1-en-3-ol	Q27253484	122484	2-cyclohexen-1-ol, 1-methyl-4-(1-methylethyl)-, trans-
(+)-curcuphenol	(+)-curcuphenol			156118	phenol, 2-((1s)-1,5-dimethyl-4-hexenyl)-5-methyl-
d-camphor	d-camphor	camphor	Q181559	159055	d-camphor
epi-Î±-cadinol	epi-alpha-cadinol	10-epi-alpha-cadinol	Q67865683	160799	cedrelanol
(e)-chrysanthenyl acetate	(E)-chrysanthenyl acetate	cis-chrysanthenyl acetate	Q67879791	162747	2,7,7-trimethylbicyclo[3.1.1]hept-2-en-6-yl acetate
Î²-atlantone	beta-atlantone	beta-atlantone	Q67879712	181580	beta-atlantone
curlone	curlone	beta-turmerone	Q67879736	196216	curlone
limonene <dioxide 2â€>	limonene dioxide	limonene diepoxide	Q27283565	232703	limonene dioxide
(-)-Î±-thujone	(-)-alpha-thujone	(âˆ’)-Î±-thujone	Q421838	261491	alpha-thujone
5-oxobornyl acetate	5-oxobornyl cetate			281960	5-ketobornyl acetate
cis-carveol	cis-carveol	(+)-cis-carveol	Q27105278	330573	(-)-cis-carveol
culmorin	culmorin	culmorin	Q73402129	368926	culmorin
l-limonene	l-limonene	(-)-limonene	Q27089405	439250	(-)-limonene
l-carvone	l-carvone	(-)-carvone	Q27089417	439570	(-)-carvone
Î±-fenchol	alpha-fenchol	(-)-Î±-fenchyl alcohol	Q27089421	439711	alpha-fenchol
endo-fenchol	endo-fenchol	(1R)-endo-(+)-fenchol	Q64224715	439711	alpha-fenchol
(d)-limonene	(d)-limonene	(+)-limonene	Q27888324	440917	d-limonene
(-)-camphene	(-)-camphene	(-)-camphene	Q27105230	440966	(-)-camphene
levomenol	levomenol	levomenol	Q179896	442343	levomenol
Î²-chamigrene	beta-chamigrene	(-)-beta-chamigrene	Q27108622	442353	(-)-beta-chamigrene
Î±-cubebene	alpha-cubebene	(-)-Î±-cubebene	Q27108605	442359	caswell no. 264ab
Î²-selinene	beta-selinene	(+)-beta-selinene	Q27108640	442393	beta-selinene
Î±-ylangene	alpha-ylangene	Ylangene	Q27160535	442409	(1s)-1,3-dimethyl-8-propan-2-yltricyclo[4.4.0.02,7]dec-3-ene
chrysanthenone	chrysanthenone	Chrysanthenone	Q5114549	442463	chrysanthenone
(+)-Î±-terpineol	(+)-alpha-terpineol	(+)-Î±-terpineol	Q27105253	442501	(+)-alpha-terpineol
(-)-citronellal	(-)-citronellal	(S)-(-)-citronellal	Q27105293	443157	(s)-(-)-citronellal
sandaracopimaradiene	sandaracopimaradiene	(-)sandaracopimaradiene	Q27132746	443469	sandaracopimaradiene
(-)-camphor	(-)-camphor	(S)-camphor	Q27095844	444294	(-)-camphor
trans-cinnamic acid	trans-cinnamic acid			444539	cinnamic acid
farnesol	farnesol	(2E,6E)-farnesol	Q420449	445070	trans,trans-farnesol
oleic acidb,c	oleic acid	oleic acid	Q207688	445639	oleic acid
Î²-thujene	beta-thujene	beta-thujene	Q408209	520384	beta-thujene
Î±-longipinene	alpha-longipinene	(+)-Î±-longipinene	Q27132143	520957	alpha-longipinene
trans-2-caren-4-ol	trans-2-caren-4-ol			520984	trans-2-caren-4-ol
di-epi-.alpha.-cedrene	di-epi-.alpha.-cedrene			521207	cedrene
Î³-selinene	gamma-selinene	Î³-selinene	Q70486252	521334	gamma-selinene
Î²-phellandren-8-ol	beta-phellandren-8-ol			522161	p-mentha-1(7),2-dien-8-ol
dihydroedulan iia	dihydroedulan iia	(-)-dihydroedulan II	Q27159863	522517	(2alpha,4aalpha8aalpha)-3,4,4a,5,6,8a-hexahydro-2,5,5,8a-tetramethyl-2h-1-benzopyran
Î²-calacorene	beta-calacorene	beta-calacorene	Q67879717	529621	4-isopropyl-6-methyl-1-methylene-1,2,3,4-tetrahydronaphthalene
exo-2-hydroxycineole	exo-2-hydroxycineole	2-endo-hydroxy-1,8-cineole	Q27116588	529885	1,3,3-trimethyl-2-oxabicyclo[2.2.2]octan-6-ol
4-carene	4-carene	(+)-4-Carene	Q27162117	530422	4-carene
Î±-bourbonene	alpha-bourbonene	alpha-Bourbonene	Q22162855	530816	alpha-bourbonene
ledene oxide-(i)	ledene oxide-(i)			534497	ledene oxide-(i)
longipinocarvone	longipinocarvone			535296	longipinocarvone
2-isobutylnorbornane	2-isobutylnorbornane			565405	norbornane, 2-isobutyl-
methyl hinokiate	methyl hinokiate			579826	methyl hinokiate
platambin	platambin			613194	platambin
Î³-asarone	gamma-asarone			636750	gamma-asarone
e-cinnamaldehyde	E-cinnamaldehyde	(E)-cinnamaldehyde	Q204036	637511	cinnamaldehyde
(e)-9-octadecenoic acid	(E)-9-octadecenoic acid	glyceryl trielaidate	Q27124197	637517	elaidic acid
methyl cinnamate	methyl cinnamate	methyl cinnamate	Q204178	637520	methyl cinnamate
trans-anethole	trans-anethole	anethole	Q255564	637563	anethole
geraniol	geraniol	geraniol	Q410836	637566	geraniol
ethyl cinnamate	ethyl cinnamate	ethyl cinnamate	Q204182	637758	ethyl cinnamate
citral	citral	citral	Q60176530	638011	citral
geranial	geranial	geranial	Q410888	638011	citral
(e)-Î²-ionone	(E)-beta-ionone	trans-Î²-ionone	Q27114873	638014	beta-ionone
bicyclo(3.1.1)heptane	bicyclo(3.1.1)heptane			638057	bicyclo[3.1.1]heptane
o-methoxycinnamaldehyde	o-methoxycinnamaldehyde	(Z)-o-methoxycinnamaldehyde	Q27294323	641298	2-methoxycinnamaldehyde
neral	neral	neral	Q27104033	643779	neral
cis-geraniol (nerol)	cis-geraniol	nerol	Q415359	643820	nerol
(-)-borneol	(-)-borneol	(-)-borneol	Q27089413	1201518	borneol
Î±-campholenal	alpha-campholenal	Î±-campholenal	Q27121498	1252759	alpha-campholenal
nootkatone	nootkatone	(+)-nootkatone	Q417896	1268142	nootkatone
cis-jasmone	cis-jasmone	(EZ)-jasmone	Q65952186	1549018	jasmone
neryl acetate	neryl acetate	neryl acetate	Q1368877	1549025	neryl acetate
geranyl acetate	geranyl acetate	geranyl acetate	Q426437	1549026	geranyl acetate
cis-anethole	cis-anethole	anethole	Q27105777	1549040	cis-anethole
alpha-bisabolol	alpha-bisabolol			1549992	bisabolol
cis-geranylacetone	cis-geranylacetone			1713001	nerylacetone
Î²-caryophyllene oxide	beta-caryophyllene oxide	Î²-caryophyllene oxide	Q27136294	1742210	caryophyllene oxide
(z)-Î³-bisabolene	(Z)-gamma-bisabolene	(Z)-Î³-bisabolene	Q4039091	3033866	(z)-gamma-bisabolene
Î´-cadinol	delta-cadinol	delta-cadinol	Q5254530	3084311	delta-cadinol
phytol	phytol	phytol	Q415945	5280435	phytol
2-hexenal	2-hexenal	(2E)-2-hexenal	Q209405	5281168	2-hexenal
Î±-farnesene	alpha-farnesene	Î±-farnesene	Q419814	5281516	alpha-farnesene
trans-Î²-farnesene	trans-beta-farnesene	(6E)-Î²-farnesene	Q27108631	5281517	beta-farnesene
germacreneb	germacrene b	germacrene	Q5550970	5281519	germacrene b
humulene	humulene	humulene	Q1995108	5281520	humulene
Î±-caryophyllene	alpha-caryophyllene	caryophyllene	Q421614	5281520	humulene
isocaryophyllene	isocaryophyllene	isocaryophyllene	Q27106968	5281522	isocaryophyllene
e-caryophyllene	E-caryophyllene	caryophyllene	Q421614	5281522	isocaryophyllene
Î²-sinensal	beta-sinensal	(2E,6E)-Î²-sinensal	Q27108641	5281535	beta-sinensal
trans-beta-ocimene	trans-beta-ocimene	(3E)-ÃŽÂ²-ocimene	Q26777012	5281553	beta-ocimene
geraniol formate (cas)	geraniol formate	geranyl formate	Q15726045	5282109	geranyl formate
(e)-oct-2-enal	(E)-oct-2-enal	(2E)-2-octenal	Q2448755	5283324	2-octenal
(e)-non-2-enal	(E)-non-2-enal	(2E)-2-nonenal	Q4596912	5283335	2-nonenal
2-decenal	2-decenal	dec-2-enal	Q27131349	5283345	2-decenal
(2e)-dodecenal	(2E)-dodecenal	(2E)-2-dodecenal	Q27252265	5283361	2-dodecenal
(e)-hex-3-en-1-ol	(E)-hex-3-en-1-ol	(3Z)-3-hexen-1-ol	Q300850	5284503	trans-3-hexen-1-ol
nerolidol	nerolidol	nerolidol	Q72494054	5284507	3,7,11-trimethyldodeca-1,6,10-trien-3-ol
cis-5-dodecenoic acid	cis-5-dodecenoic acid	cis-5-dodecenoic acid	Q27159277	5312378	cis-5-dodecenoic acid
e-cinnamyl alcohol	E-cinnamyl alcohol	(E)-cinnamyl alcohol	Q204030	5315892	cinnamyl alcohol
Î±-corocalene	alpha-corocalene			5316074	alpha-corocalene
cis-Î²-farnesene	cis-beta-farnesene	(6Z)-Î²-farnesene	Q27119785	5317319	cis-beta-farnesene
and germacrene d	germacrene d	germacrene D	Q27121451	5317570	germacrene d
Î±-guaiene	alpha-guaiene	alpha-guaiene	Q5613309	5317844	alpha-guaiene
Î±-ocimene	alpha-ocimene	(3E)-Î±-ocimene	Q26776996	5320249	1,3,7-octatriene, 3,7-dimethyl-
cis-ocimene	cis-ocimene	(3Z)-ÃŽÂ²-ocimene	Q26777005	5320250	(z)-beta-ocimene
Î± â€“bisabolene	alpha-bisabolene	(E)-Î±-bisabolene	Q27121558	5352653	(z)-alpha-bisabolene
geranyl propionate	geranyl propionate	geranyl propionate	Q10869283	5355853	geranyl propionate
3-oxo-Î²-ionone	3-oxo-beta-ionone			5363876	2,4,4-trimethyl-3-(3-oxo-1-butenyl)cyclohex-2-en-1-one
(e)-5-octadecene	(E)-5-octadecene			5364598	5-octadecene
geranyl bromide	geranyl bromide	trans-Geranyl bromide	Q72480173	5365867	geranyl bromide
methylgeranate	methyl geranate	methyl geranate	Q27254138	5365910	methyl geranate
(e)-Î²-damascenone	(E)-beta-damascenone	Î²-damascenone	Q416126	5366074	beta-damascenone
isobutyl angelate	isobutyl angelate	isobutyl angelate	Q27268651	5367807	isobutyl angelate
sorbic acid vinyl ester	sorbic acid vinyl ester	vinyl sorbate	Q65225130	5368936	sorbic acid vinyl ester
heptadiene	heptadiene	1,6-heptadiene	Q19833899	5462716	1,3-heptadiene
9-epi-Î²-caryophyllene	9-epi-beta-caryophyllene			5498519	(1r,4z,9r)-4,11,11-trimethyl-8-methylenebicyclo[7.2.0]undec-4-ene
Î³-humulene	gamma-humulene	gamma-humulene	Q27121597	5846461	(e,e)-1,8,8-trimethyl-5-methylene-1,6-cycloundecadiene
5-hepten-1-ol	5-hepten-1-ol			6307600	5-heptene-1-ol
2-methylbutyl angelate	2-methylbutyl angelate			6427119	2-methylbutyl angelate
(e)-ocimenone	(E)-ocimenone			6428431	trans-ocimenone
cis-cinnamaldehyde	cis-cinnamaldehyde	(Z)-3-Phenyl-2-propenal	Q27161918	6428995	cis-cinnamaldehyde
t-calamenene	trans-calamenene	trans-calamenene	Q67880179	6429022	trans-calamenene
cis-calamenene	cis-calamenene			6429077	naphthalene, 1,2,3,4-tetrahydro-1,6-dimethyl-4-(1-methylethyl)-, (1s-cis)-
trans-Î±-bergamotene	trans-alpha-bergamotene	(E)-(-)-Î±-bergamotene	Q27132147	6429302	trans-alpha-bergamotene
cis-Î±-bergamotene	cis-alpha-bergamotene	(-)-endo-alpha-bergamotene	Q27131278	6429303	(-)-endo-alpha-bergamotene
10-epi-Î³-eudesmol	10-epi-gamma-eudesmol			6430754	10-epi-gamma-eudesmol
Î±-amorphen	alpha-amorphen	cadinene	Q414529	6430797	dehydrosesquicineole
Î±-cedrene	alpha-cedrene	cedr-8-ene	Q27108601	6431015	alpha-cedrene
nonyl 2-methylbutanoate	nonyl 2-methylbutanoate			6431100	1-nonyl 2-methylbutanoate
Î³-eudesmol	gamma-eudesmol	gamma-eudesmol	Q27131974	6432005	gamma-eudesmol
trans-linalool oxide	trans-linalool oxide	trans-linalool oxide	Q27272093	6432254	trans-linalool oxide
Î³-cadinene	gamma-cadinene	(+)-Î³-cadinene	Q27132468	6432404	gamma-cadinene
dihydroedulan ia	dihydroedulan ia	dihydroedulan i	Q67879843	6432687	dihydroedulan ia
(âˆ’)-spathulenol	(-)-spathulenol	(-)-spathulenol	Q27136312	6432706	beta-spathulenol
prenyl angelate	prenyl angelate			6432943	3-methylbut-2-enyl 2-methylisocrotonate
propyl angelate	propyl angelate	propyl 2-methylisocrotonate	Q9615235	6437044	propyl 2-methylisocrotonate
methallyl angelate	methallyl angelate			6437425	2-butenoic acid, 2-methyl-, 2-methyl-2-propenyl ester, (z)-
Î²-gurjunene	beta-gurjunene	beta-Gurjunene	Q27154913	6450812	(1ar,4r,4ar,7ar,7br)-1,1,4-trimethyl-7-methylidene-2,3,4,4a,5,6,7a,7b-octahydro-1ah-cyclopropa[e]azulene
Î±-cyperone	alpha-cyperone	alpha-Cyperone	Q27151420	6452086	alpha-cyperone
Î±-funebrene	alpha-funebrene			6552024	(+)-alpha-funebrene
cis-limonene oxide	cis-limonene oxide	cis-(-)-limonene oxide	Q27253522	6857487	(1r,4r,6s)-1-methyl-4-(prop-1-en-2-yl)-7-oxabicyclo[4.1.0]heptane
cholestane	cholestane	5ÃŽÂ±/ÃŽÂ²-cholestane	Q3682585	6857534	cholestan
androstane	androstane	androstane	Q2846975	6857536	androstane
Î²-elemene	beta-elemene	beta-elemene	Q72470661	6918391	beta-elemene
trans-rose oxide	trans-rose oxide	trans-(+)-rose oxide	Q27162314	7093102	trans-rose oxide
germacrene-a	germacrene a	germacrene A	Q27116867	9548706	(-)-germacrene a
Î²-bisabolene	beta-bisabolene	Î²-bisabolene	Q11595687	10104370	beta-bisabolene
Î±-cadinol	alpha-cadinol	(-)-Î±-cadinol	Q4734900	10398656	alpha-cadinol
7-epi-Î±-selinene	7-epi-alpha-selinene			10726905	(-)-7-epi-alpha-selinene
Î±-selinene	alpha-selinene	Î±-selinene	Q7448480	10856614	alpha-selinene
Î²-santalene	beta-santalene	(-)-beta-santalene	Q27108639	10889018	beta-santalene
trans-chrysanthenyl acetate	trans-chrysanthenyl acetate			10899521	trans-chrysanthenyl acetate
(âˆ’)-allo-aromadendrene	(-)-allo-aromadendrene	allo-aromadendrene	Q67879598	10899740	(-)-alloaromadendrene
Î²-isocomene	beta-isocomene	beta-isocomene	Q67879723	10910652	beta-isocomene
viridiflorene	viridiflorene	ledene	Q27132626	10910653	viridiflorene
(z)-Î±-santalol	(Z)-alpha-santalol	Î±-santalol	Q10859742	11085337	alpha-santalol
Î²-cedrene	beta-cedrene	cedrene	Q1956285	11106485	beta-cedrene
iso-longifolene	iso-longifolene			11127402	isolongifolene
Î±-zingiberene	alpha-zingiberene	zingiberene	Q4117486	11127403	alpha-zingiberene
cubenol	cubenol			11770062	cubenol
Î±-himachalene	alpha-himachalene	(-)-Î±-himachalene	Q27121538	11830551	alpha-himachalene
epi-Î²-bisabolol	epi-beta-bisabolol			12300148	6-epi-beta-bisabolol
Î±-calacorene	alpha-calacorene	3,4-Dihydrocadalene	Q27160655	12302243	alpha-calacorene
7-epi-Î±-eudesmol	7-epi-alpha-eudesmol			12304196	7-epi-alpha-eudesmol
Î±-muurolene	alpha-muurolene	alpha-muurolene	Q27133436	12306047	alpha-muurolene
Î±-cadinene	alpha-cadinene	(+)-Î±-cadinene	Q27149802	12306048	alpha-cadinene
Î´-elemene	delta-elemene	Î´-elemene	Q63409802	12309449	delta-elemene
Î±-helmiscapene	alpha-helmiscapene			12309809	(3s,4as,8ar)-5,8a-dimethyl-3-prop-1-en-2-yl-2,3,4,4a,7,8-hexahydro-1h-naphthalene
Î²-helmiscapene	beta-helmiscapene			12309814	(3s,4ar,8as)-8a-methyl-5-methylidene-3-prop-1-en-2-yl-1,2,3,4,4a,6,7,8-octahydronaphthalene
Î²-sesquiphellandrene	beta-sesquiphellandrene	beta-sesquiphellandrene	Q27133237	12315492	(-)-beta-sesquiphellandrene
Î²-spathulenol	beta-spathulenol	spathulenol	Q1376658	13854255	ent-spathulenol
spatulenol	spatulenol			13854258	spatulenol
khusinol	khusinol			13874489	(1r,4as,5r,8as)-3-methyl-8-methylidene-5-propan-2-yl-2,4a,5,6,7,8a-hexahydro-1h-naphthalen-1-ol
car-3-en-2-one	car-3-en-2-one			13901618	(1r)-3,7,7-trimethylbicyclo[4.1.0]hept-3-en-2-one
Î²-curcumene	beta-curcumene	(-)-beta-curcumene	Q27132151	14014430	beta-curcumene
Î²-oplopenone	beta-oplopenone	beta-oplopenone	Q67879728	14038847	beta-oplopenone
e-Î²-farnesene	E-beta-farnesene	(6E)-Î²-farnesene	Q27108631	15228937	(6e)-2,6-dimethyl-10-methylidenedodeca-2,6-diene
spirolepechinene	spirolepechinene			15491228	spirolepechinene
Î±-gurjunene	alpha-gurjunene	(-)-alpha-gurjunene	Q27131296	15560276	(-)-alpha-gurjunene
selin-11-en-4-Î±-ol	selin-11-en-4-alpha-ol			15560330	selin-11-en-4alpha-ol
aristolaâ€1(10).8â€diene	aristola-1(10)-8 diene			15625232	(1as,7s,7as,7br)-1,1,7,7a-tetramethyl-5,6,7,7b-tetrahydro-1ah-cyclopropa[a]naphthalene
trans-sesquisabinene hydrate	trans-sesquisabinene hydrate			20055539	sesquisabinene hydrate
cis-linalool oxide acetate (pyranoid)	cis-linalool oxide acetate			21116836	[(3s,6s)-6-ethenyl-2,2,6-trimethyloxan-3-yl] acetate
acorenone b	acorenone b			21674978	acorenone b
biformene	biformene	(Z)-biformene	Q27133189	23252995	(12e)-labda-8(17),12,14-triene
ascorbic acid	ascorbic acid	DL-ascorbic acid	Q193598	54670067	ascorbic acid
Î² â€“copaene	beta-copaene	Î²-copaene	Q27277937	57339298	beta-ylangene
Î±-isocomene	alpha-isocomene	Isocomene	Q6085540	57501472	(-)-alpha-isocomene
Î²-funebrene	beta-funebrene			60147454	(3s,3as,7s,8ar)-3,8,8-trimethyl-6-methyleneoctahydro-1h-3a,7-methanoazulene
cis-nuciferol	cis-nuciferol			67178146	(s,z)-2-methyl-6-(p-tolyl)hept-2-en-1-ol
Î±-copaene	alpha-copaene	copaene	Q5168276	70678558	alpha-copaene
sesquisabinene a	sesquisabinene a	sesquisabinene A	Q74417657	90658542	sesquisabinene b
(e)-2-isopropyl-5-methylphenyl 2-methylbut-2-enoate	(E)-2-isopropyl-5-methylphenyl 2-methylbut-2-enoate			91698167	(e)-2-isopropyl-5-methylphenyl 2-methylbut-2-enoate
6-oxobornyl acetate	6-oxobornyl acetate			91748881	6-oxobornyl acetate
cedr-8(15)-en-10-ol	cedr-8(15)-en-10-ol			91749627	3,6,6-trimethyl-8-methylidenetricyclo[5.3.1.01,5]undecan-10-ol
cyperadiene	cyperadiene			91750187	cyperadiene
dehydroisolongifolene	dehydroisolongifolene			92029374	dehydroisolongifolene
Î±-muurolol (torreyol)	alpha-muurolol			100949538	(1r,4r,4ar,6s,8ar)-1,6-dimethyl-4-propan-2-yl-3,4,4a,5,6,7,8,8a-octahydro-2h-naphthalen-1-ol
nardol	nardol			101286216	nardol
Î²-maaliene	beta-maaliene	beta-maaliene	Q67879726	101596917	beta-maaliene
(3z)-hexenyl benzoate	(3Z)-hexenyl benzoate	(3Z)-3-hexenyl benzoate	Q27286127	101687121	benzoic acid (z)-1-hexenyl ester
Î±-maaliene	alpha-maaliene			102361380	(1as,3ar,7ar,7bs)-1,1,3a,7-tetramethyl-2,3,4,5,7a,7b-hexahydro-1ah-cyclopropa[a]naphthalene
2,5,8-trimethyl-1-naphthol	2,5,8-trimethyl-1-naphthol				
(-)-a-santalal	(-)-alpha-santalal	alpha-santalal	Q67879682		
2,4,6-octatriene, 2,6-dimethyl-,e,z)-	2,6-dimethyl-(E,Z)-2,4,6-octatriene				
heptanol<2,6-dimethyl-2->	2,6-dimethyl-2-heptanol	2,6-dimethyl-2-heptanol	Q27272159		
2.6-dimethyle-5-heptanal	2,6-dimethyle-5-heptanal				
2.6-octadienoic acid	2,6-octadienoic acid				
2,6,6-trimethyl-1-cyclohexene-1-acetaldehyde	2,6,6-trimethyl-1-cyclohexene-1-acetaldehyde				
2â€aminoâ€4,6â€dihydroxypyrimidine,n,o,oâ€²â€tris(trifluoroacetyl)	2â€aminoâ€4,6â€dihydroxypyrimidine,n,o,oâ€²â€tris(trifluoroacetyl)				
undecanone <2â€>	2â€undecanone		Q2024187		
cyclohexane, 3-hexyl	3-hexyl-cyclohexane				
3-iso-thujanol	3-iso-thujanol				
3-methyl pentyl angelate	3-methyl pentyl angelate				
3-methyl-2-(2-methyl-2-butenyl	3-methyl-2-(2-methyl-2-butenyl)				
(1s)-2,6,6-trimethylbicyclo [3.1.1] hept-2-ene	(1S)-2,6,6-trimethylbicyclo[3.1.1]hept-2-ene	6-trimethylbicyclo [3.1.1] hept-2-ene	Q300852		
(2e-6e)-farnesal	(2E,6E)-farnesal	(2E,6E)-farnesal	Q27098285		
(2e-6z)-farnesal	(2E,6Z)-farnesal	(2E,6Z)-farnesal	Q27279009		
(2e-6z)-farnesol	(2E,6Z)-farnesol	(2E,6Z)-farnesol	Q27116653		
(2e)-decenal	(2E)-decenal	(2E)-2-decenal	Q27277030		
3,4-dimethyl-benzoic acid 4-tert-bytyl-phenyl ester	3,4-dimethyl-benzoic acid 4-tert-bytyl-phenyl ester				
(3e)-butylidene phthalide	(3E)-butylidene phthalide				
(3e)-hex-3-enyl benzoate	(3E)-hex-3-enyl benzoate				
3,5-dimethoxytoluene	3,5-dimethoxytoluene	3,5-dimethoxytoluene	Q72468632		
3.6-octadienoic acid	3,6-octadienoic acid	(2E)-geranic acid	Q4381113		
2,6,10,14-hexadecatetraen-1-ol, 3, 7,11,15-tetramethyl-, acetate, (e, e,e)-	(E,E,E)-acetate-3,7,11,15-tetramethyl-2,6,10,14-hexadecatetraen-1-ol				
(e,e)-2,4-heptadienal	(E,E)-2,4-heptadienal	4-heptadienal	Q27292092		
2,6-dimethyl-1,3,5,7-octatetraene, e,e-	(E,E)-2,6-dimethyl-1,3,5,7-octatetraene		Q24817453		
(e,e) 2,6-dimethyl-3,5,7-octatriene-2-ol	(E,E)-2,6-dimethyl-3,5,7-octatriene-2-ol				
(e,e)-deca-2,4-dienal	(E,E)-deca-2,4-dienal				
(e,e)-farnesol	(E,E)-farnesol	(E,E)-farnesol	Q420449		
(e, e)-farnesyl acetate	(E,E)-farnesyl acetate	(E,E)-farnesyl acetate	Q27276136		
(e,e)-geranyl linalool	(E,E)-geranyl linalool	(E,E)-geranyl linalool	Q27144589		
7-tetracyclo [6.2.1.0 (3.8)0(3.9)] undecanol, 4,4,11,11-tetramethyl-	4,4,11,11-tetramethyl-7-tetracyclo[6.2.1.0 (3.8)0(3.9)]undecanol				
butanoic acid, 3-hexenyl ester, (e)-	(E)-3-hexenyl ester-butanoic acid				
4,5,9,10-dehydroisolongifolene	4,5,9,10-dehydro isolongifolene				
5,7-octadien-4-one, 2,6-dimethyl-, (e)-	(E)-5,7-octadien-4-one-2,6-dimethyl				
9-octadecene, (e)	(E)-9-octadecene	(E)-9-octadecene	Q27117204		
2,4-heptanedione, 6-methyl-	6-methyl-2,4-heptanedione	6-methyl-	Q27285507		
(e)-Î±-bergamoteno	(E)-alpha-bergamoteno	bergamottin	Q568006		
trans-cadina-1,4-diene	trans-cadina-1,4-diene				
trans-cadina-1(6),4-diene	trans-cadina-1(6),4-diene				
(e)-Î²-ocymene	(E)-beta-ocymene				
6,10,14-trimethyl pendadecanone	6,10,14-trimethyl pendadecanone				
6,10,14-trimethyl-2-pentadecanone	6,10,14-trimethyl-2-pentadecanone				
6.10,14-trimethyl-2-pentadecanone	6,10,14-trimethyl-2-pentadecanone				
6,10,14-trimethyl-5,9,13-pentadecatrien-2-one	6,10,14-trimethyl-5,9,13-pentadecatrien-2-one				
2-pentadecanone, 6,10,14-trimethyl	6,10,14-trimethylpentadecan-2-one				
6,9-guaiadiene	6,9-guaiadiene				
6z-2,5,5,10-tetramethyl-undeca-2,6,9-trien-8-one	6Z-2,5,5,10-tetramethyl-undeca-2,6,9-trien-8-one				
(e)-p-mentha-2,8-dien-1-ol	(E)-p-mentha-2,8-dien-1-ol	(E)-p-mentha-2,8-dien-1-ol	Q2920205		
e,e-farnesal	E,E-farnesal	E,E-farnesal	Q27098285		
(z), (e)-Î±-farnesene	(Z,E)-alpha-farnesene	(Z,E)-alpha-farnesene	Q27119780		
z(e)-alpha-farnesene	(Z,E)-alpha-farnesene				
(z,e)-npl	(Z,E)-npl				
8,11,14-eicosatrienoic acid. (z.z.z)-	(Z,Z,Z)-8,11,14-eicosatrienoic acid	14-eicosatrienoic acid. (z.z.z)-	Q415398		
5,7-octadien-4-one, 2,6-dimethyl-, (z)-	(Z)-2,6-dimethyl-5,7-octadien-4-one				
(z)-9,17-octadecadienal	(Z)-9,17-octadecadienal				
(z)-Î±-farnesene	(Z)-alpha-farnesene	(3Z,6Z)-Î±-farnesene	Q27119782		
alloaromadendrene oxide	alloaromadendrene oxide				
(z)-Î²-ocimenol	(Z)-beta-ocimenol	trans-ocimenol	Q67880137		
(z)-Î²-ocymene	(Z)-beta-ocymene				
(z)-dihydro-apofarnesol	(Z)-dihydro-apofarnesol				
(z)-falcarinol	(Z)-falcarinol	panaxynol	Q413192		
elemene <betaâ€>	betaâ€elemene	Î²-elemene	Q27132237		
(z)-jasmane	(Z)-jasmane				
(z)-nerolidol acetate	(Z)-nerolidol acetate	nerolidol acetate	Q72494057		
(z)-p-mentha-2,8-dien-1-ol	(Z)-p-mentha-2,8-dien-1-ol	(Z)-p-mentha-2,8-dien-1-ol	Q27294536		
(z)-p-menthan-2-one	(Z)-p-menthan-2-one				
1-(1,3-dimethyl-buta-1.3-dienyl)-3,7,7-trimethyl-2-oxa-bicyclo[3.2.0]hept-3-ene	1-(1,3-dimethyl-buta-1,3-dienyl)-3,7,7-trimethyl-2-oxa-bicyclo[3.2.0]hept-3-ene				
Î±-amorphene	alpha-amorphene	(-)-alpha-amorphene	Q74417798		
Î±-phellandrene epoxide	alpha-phellandrene epoxide				
cyclohexene, 1-methyl-4-(5-methyl-1-methylene-4-hexenyl)	1-methyl-4-(5-methyl-1-methylene-4-hexenyl)-cyclohexene	1-methyl-4-(5-methyl-1-methylene-4-hexenyl)-cyclohexene	Q11595687		
yogomi alcohol	yogomi alcohol				
1-phenylpenta-2,4-diyne	1-phenylpenta-2,4-diyne				
1,1-dimethoxy decane	1,1-dimethoxy decane				
1,10-di-epi-cubenol	1,10-di-epi-cubenol				
1,13-tetradecadiene	1,13-tetradecadiene				
1,15-hexadecadiene	1,15-hexadecadiene				
1,2-dihydronaphthalene	1,2-dihydronaphthalene	1,2-dihydronaphthalene	Q2092736		
1,3-nonadiene	1,3-nonadiene				
1,3,4-trimethyl-3-cyclohexene-1-carboxaldehyde	1,3,4-trimethyl-3-cyclohexene-1-carboxaldehyde				
1,3,8-p-menthatriene	1,3,8-p-menthatriene	8-p-menthatriene	Q27161428		
1,4-cineole	1,4-cineole				
1,4-dimethyl tetrasulfide	1,4-dimethyl tetrasulfide				
1,5-cyclodecadiene	1,5-cyclodecadiene				
1,5-heptadiene	1,5-heptadiene				
1,5,5-trimethyl-6-methylene-cyclohexene	1,5,5-trimethyl-6-methylene-cyclohexene	5-trimethyl-6-methylene-cyclohexene	Q24819025		
eucalyptol(1,8) cineole	1,8-cineole				
1-8-cineole	1,8-cineole				
cedr-8(15)-en-9-Î±-ol	cedr-8(15)-en-9-alpha-ol				
11-isopropylidenetricyclo[4.3.1.1(2,5)]undec-3-en-10-one	11-isopropylidenetricyclo[4.3.1.1(2,5)]undec-3-en-10-one				
12-norcyercene-b	12-norcyercene b				
13-norcypera-1(5),11(12)-diene	13-norcypera-1(5),11(12)-diene				
14-hydroxy-(z)-caryophyllene	14-hydroxy-(Z)-caryophyllene				
2-(1z)-propenyl-phenol	2-(1Z)-propenyl-phenol				
cis-Î±-ambrinol	cis-alpha-ambrinol				
p-mentha-1,5-dien-8-ol	p-mentha-1,5-dien-8-ol				
2-carone	2-carone				
germacerene-d	germacerene d				
cis-Î²-guaiene	cis-beta-guaiene	beta-guaiene	Q27160891		
cis-cadina-1(6),4-diene	cis-cadina-1(6),4-diene				
alpha-longyi pinene	alpha-longyi pinene	(+)-Î±-longipinene	Q27132143		
2-isopropylidene-3-methylhexa-3,5-dienal	2-isopropylidene-3-methylhexa-3,5-dienal				
Î±-methylcynnamaldehyde	alpha-methylcynnamaldehyde				
3-methyl-2-butenoic acid, 2-methyl	2-methyl-3-methyl-2-butenoic acid				
guaia-1(10)-11-diene	guaia-1(10)-11-diene				
phenol, 2-methyl-4-(1,1,3,3-tetramethylbutyl)-	2-methyl-4-(1,1,3,3-tetramethylbutyl)-phenol				
2-methyl-6-methylen-octa-1,7-dien-3-one	2-methyl-6-methylen-octa-1,7-dien-3-one				
Î±-phellandren-8-ol	alpha-phellandren-8-ol				
phellandranal	phellandranal				
longifolene aldehyde	longifolene aldehyde				
3-methyl-2-butenoic acid, 2-methyloct-5-yn-4-yl ester	2-methyloct-5-yn-4-yl ester-3-methyl-2-butenoic acid				
cis-muurola-4(14),5-diene	cis-muurola-4(14),5-diene	cis-muurola-4(14),5-diene	Q27131290		
phenol, m-tert-butyl-	m-tert-butyl-phenol				
imonene-10-al	imonene-10-al				
Î±-terpenyl acetate	alpha-terpenyl acetate				
2,2,6-trimethyl-1-(3-methylbuta-1, 3-dienyl)-7-oxabicyclo [4.1.0] heptan-3-ol	2,2,6-trimethyl-1-(3-methylbuta-1, 3-dienyl)-7-oxabicyclo [4.1.0] heptan-3-ol	6-trimethyl-1-(3-methylbuta-1			
furan, 2,3-dihydro-3-methyl-	2,3-dihydro-3-methyl-furan				
2,3-pinanediol	2,3-pinanediol	2,3-pinanediol	Q27237348		
1-benzothiepin, 2,3,4,5-tetrahydro	2,3,4,5-tetrahydro-1-benzothiepin				
phenol, 2,3,5,6-tetramethyl-	2,3,5,6-tetramethyl-phenol				
2,5-dimethoxy-p-cymene	2,5-dimethoxy-p-cymene	2,5-dimethoxy-p-cymene	Q28457222		
Î±â€terpineol	alphaâ€terpineol	m-tert-butyl-phenol	Q15724770		
2,6-diisopropylnaphthalene	2,6-diisopropylnaphthalene	2,6-diisopropylnaphthalene	Q424809		
caryophylla-4(12),8(13)-dien-5Î±-ol	caryophylla-4(12),8(13)-dien-5.alpha.-ol				
Î²-himachalol	beta-himachalol	himachalol	Q27106868		
selina-3,7-diene	selina-3,7-diene				
selina-4,11-diene	selina-4,11-diene				
myltayl-4(12)-ene	myltayl-4(12)-ene				
silphiperfol-5-ene	silphiperfol-5-ene	7-epi-silphiperfol-5-ene 	Q67879650		
cuminaldeyde	cuminaldeyde				
silphiperfolan-7-Î²-ol	silphiperfolan-7-beta-ol				
b-cymene	b cymene	p-cymene	Q284072		
benzene acetaldehyde	benzene acetaldehyde				
benzene â€“dimethoxymethyl	benzene-dimethoxymethyl		Q72451464		
3-methylamyl isobutyrate	3-methylamyl isobutyrate				
endo-fenchyl acetate	endo-fenchyl acetate				
3-vinyl-[4h]-1,2-dithiin	3-vinyl-[4h]-1,2-dithiin				
3,3-dimethylbutan-2-yl (e)-2-methylbut-2-enoate	3,3-dimethylbutan-2-yl (E)-2-methylbut-2-enoate				
benzaldehyde, 3,4-dimethoxy-	3,4-dimethoxy-benzaldehyde				
Î²-allylanisole	beta-allylanisole				
phenol, 3,4-dimethyl-	3,4-dimethyl-phenol	dimethyl phenol	Q27077049		
3,4-dimethylbenzyl alcohol	3,4-dimethylbenzyl alcohol	3,4-dimethylbenzyl alcohol	Q15726116		
Î²-bisabolenene	beta-bisabolenene				
neoisomentol	neoisomentol				
3,7-dimethyl-1,3,6-octatrien	3,7-dimethyl-1,3,6-octatrien	ocimene 	Q412945		
1,3,7-octatriene, 3,7-dimethyl-	3,7-dimethyl-1,3,7-octatriene				
3,7-dimethyl-6-octenal	3,7-dimethyl-6-octenal	3,7-dimethyl-6-octenal	Q413787		
3,7,7-trimethyl-1,3,5-cycloheptatriene	3,7,7-trimethyl-1,3,5-cycloheptatriene				
3â€methylâ€butenâ€2â€al.	3â€methylâ€butenâ€2â€al.				
vilgarol b	vilgarol b				
4-methyl-1,3-heptadiene	4-methyl-1,3-heptadiene				
4-thujen-2-alpha-yl acetate	4-thujen-2-alpha-yl acetate				
thymene	thymene				
4,5-epoxy-trans-carene	4,5-epoxy-trans-carene				
mentha-2,8-diene	mentha-2,8-diene				
butanoic acid-butyl ester	butanoic acid-butyl ester	butyl butyrate	Q2212471		
trans-ascaridol glycol	trans-ascaridol glycol				
calamanene	calamanene				
6-methyl-3,5-heptadiene-2-one	6-methyl-3,5-heptadiene-2-one	6-methyl-3,5-heptadiene-2-one	Q27162192		
campholene aldehyde	campholene aldehyde				
Î³-elemene	gamma-elemene	elemenes	Q56009873		
6,10,14-trimethyl 2-pentadecanone	6,10,14-trimethyl 2-pentadecanone				
e-asarone	E-asarone				
iso-spathulenol	iso-spathulenol				
caryophylla-4(12),8(13)-dien-5Î²-ol	caryophylla-4(12),8(13)-dien-5.beta.-ol				
Î²inocarvone	beta-inocarvone				
e-cinnamoyl acetate	E-cinnamoyl acetate				
muurola-4,10(14)-dien-1Î²-ol	muurola-4,10(14)-dien-1.beta.-ol				
Î²-mentha-1,5-dien-8-ol	beta-mentha-1,5-dien-8-ol				
e-nerolidol	E-nerolidol	(6E)-(+/-)-nerolidol	Q415421		
trans-nerodilol	trans-nerodilol				
7â€epiâ€alphaâ€selinene	7â€epiâ€alphaâ€selinene	(-)-7-epi-alpha-selinene	Q27131695		
e.e-farnesyl acetone	E,E-farnesyl acetone	(5E,9E)-farnesyl acetone	Q27135719		
phenol, 2-methoxy-4-(2-propenyl)-, acetate	acetate-2-methoxy-4-(2-propenyl)-phenol				
Î±-acorenol	alpha-acorenol				
geranylisobutyrate	geranyl isobutyrate				
allo himachalol	allo himachalol				
alloaromadendrene epoxide	alloaromadendrene epoxide				
epi-zonarene	epi-zonarene				
alloaromadendrene oxide-(1)	alloaromadendrene oxide-(1)				
alloaromadendrene oxide-(2)	alloaromadendrene oxide-(2)				
Î²-transocimene	beta-transocimene				
beta-tumerone	beta-tumerone				
ligustrazin	ligustrazin				
alpha cis-ocimene	alpha cis-ocimene				
Î±-7-epi-selinene	alpha-7-epi-selinene				
byciclo-germacrene	bicyclo-germacrene				
caranone <cisâ€4â€>	cisâ€4â€caranone				
bicyclo(2.2.1)hepten-2-one	bicyclo(2.2.1)hepten-2-one				
dehydroaromadendrane	dehydroaromadendrane				
hexane-2,3-dione	hexane-2,3-dione				
widdra-2,4(14)-diene	widdra-2,4(14)-diene				
phenylpropanoid	phenylpropanoid	(+/-)-4-terpineol	Q417181		
bornylacetate	bornylacetate				
fenchyl isobutanoate	fenchyl isobutanoate				
cis-p-mentha-1(7),8-dien-2-ol	cis-p-mentha-1(7),8-dien-2-ol				
cadina-4,10(15)-dien-3-one	cadina-4,10(15)-dien-3-one				
cis-pinocamphone	cis-pinocamphone				
Î±-camphonelal	alpha-camphonelal				
cis-rho-menth-2-en-1-ol	cis-rho-menth-2-en-1-ol				
cis-(z)-Î±-bisabolene epoxide	cis-(Z)-alpha-bisabolene epoxide				
Î³-epoxy-elemene	gamma-epoxy-elemene				
caryophylla-4(12),8(13)-dien-5-olh	caryophylla-4(12),8(13)-dien-5-olh				
Ï-cymene	Ï-cymene				
geranyl-n-butyrate	geranyl-n-butyrate	geranyl butyrate	Q10864413		
caryophyllane-2-6-Î²-oxide	caryophyllane-2-6-beta-oxide				
caryophylleneoxide	caryophyllene oxide				
orthoâ€cymene	orthoâ€cymene	o-cymene	Q27161449		
Î³-terpinolene	gamma-terpinolene	murolan-3,9(11)-diene-10-peroxy	Q424891		
Î³â€cadinene	gammaâ€cadinene		Q27132468		
silphiperfolan-6-Î±-ol	silphiperfolan-6-Î±-ol				
p-cymene-8-ol acetate	p-cymene-8-ol acetate				
soborneol	soborneol				
dehydro-1,8-cineole	dehydro-1,8-cineole				
Î±-panasinsen	alpha-panasinsen	(+/-)-Î±-terpinyl acetate	Q75063773		
cymene 2.5â€dimethoxyâ€para	cymene-2,5â€dimethoxyâ€para				
n-octylacetate	n-octylacetate	thuja-2,4(10)-diene	Q2173897		
thuj-3-en-10-al	thuj-3-en-10-al				
Ï„-muurolol	tau-muurolol	(+)-tau-muurolol	Q27132742		
germacra-4(15),5,10(14)-trien-1-Î±-ol	germacra-4(15),5,10(14)-trien-1.alpha.-ol				
germacra-4(15),5,10(14)-trien-1Î±-ol	germacra-4(15),5,10(14)-trien-1.alpha.-ol				
dauca-4(11),8-diene	dauca-4(11),8-diene				
penta-1,3-diynylbenzene	penta-1,3-diynylbenzene				
neo-iso-menthol	neo-iso-menthol				
cis-davanone	cis-davanone				
pentadecanâ€2â€one	pentadecanâ€2â€one		Q27161440		
Î²-ethyl-p-methoxybenzyl alcohol	beta-ethyl-p-methoxybenzyl alcohol				
Î³-curcumene	gamma-curcumene	gamma-curcumene	Q27132733		
dehydro-sabina ketone	dehydro-sabina ketone				
eudesma-4(15),7-dien-1Î²-ol	eudesma-4(15),7-dien-1Î²-ol				
sabinense	sabinense				
cis-muurola-3.5-diene	cis-muurola-3,5-diene	cis-muurola-3,5-diene	Q27131289		
dehydrosesquicineol	dehydrosesquicineole				
thuja-2,4(10)-diene	thuja-2,4(10)-diene				
massoia lactona	massoia lactona				
ocimene (z)-beta	ocimene (Z)-beta	transâ€pâ€menthaâ€2,8â€dienâ€1â€ol	Q26777005		
cis-p-mentha-2,8-dien-1-ol	cis-p-mentha-2,8-dien-1-ol				
intermediol	intermediol				
alpha-tumerone	alpha-tumerone				
Î²-oploplenone	beta-oploplenone				
trans-p-mentha-2,8-dienol	trans-p-mentha-2,8-dienol				
Î±â€bulnesene	alphaâ€bulnesene				
cisâ€pâ€menthaâ€2,8â€dienâ€1â€ol	cisâ€pâ€menthaâ€2,8â€dienâ€1â€ol				
p-menth-8-en-1,7-diol	p-menth-8-en-1,7-diol				
cyperene oxide	cyperene oxide				
modheph-2-ene	modheph-2-ene				
murolan-3,9(11)-diene-10-peroxy	murolan-3,9(11)-diene-10-peroxy				
terpine-4-ol	terpine-4-ol				
trans-muurola-3,5-diene	trans-muurola-3,5-diene				
e-methoxi-cinnamaldehyde	E-methoxi-cinnamaldehyde				
trans-myrtenol	trans-myrtenol				
tridecene	tridecene	1-tridecene	Q27162003		
terpinyl acetate	terpinyl acetate	(+/-)-?-terpinyl acetate	Q4456134		
Î²â€selinene	betaâ€selinene	(+)-Î±-pinene	Q27108640		
dehydro-neotigogenin benzoate	dehydro-neotigogenin benzoate				
bicyclo(2.2.1)heptane-2-ol	bicyclo(2.2.1)heptane-2-ol				
linalool-l	linalool-l	(+)-Î±-pinene	Q27105200		
nona-3,5-dien-2-one	nona-3,5-dien-2-one				
p-mentha-1(7),8-diene (pseudolimonene)	p-mentha-1(7),8-diene				
Î²-1,7-di-epi cedrene	beta-1,7-di-epi cedrene				
trans-Î³-bisabolene	trans-gamma-bisabolene				
neo-intermedeol	neo-intermedeol				
terpinenol	terpinenol	alpha-terpineol	Q27109437		
neo-iso-3-thujanol	neo-iso-3-thujanol				
trans-muurola-4(14),5-diene	trans-muurola-4(14),5-diene	trans-longipinocarveol	Q27160518		
iso spathuelenol	iso spathuelenol				
cameroonan-7-Î±-ol	cameroonan-7-alpha-ol				
iso-dihydro carveol acetate	iso-dihydro carveol acetate				
propanoic acid, 2-methyl-, octyl ester	octyl ester-2-methyl-propanoic acid				
methyl eugenold	methyl eugenol d				
eudesma-4(15),7-dien-1-Î²-ol	eudesma-4(15),7-dien-1-beta-ol				
Î²-cedrene epoxide	beta-cedrene epoxide	cedrene epoxide	Q72516568		
verbenyl ethyl ether	verbenyl ethyl ether				
nardosina-1(10),11-diene	nardosina-1(10),11-diene				
fenchyl butanoate	fenchyl butanoate				
trans-Î±-ambrinol	trans-alpha-ambrinol				
z-verbenol	Z-verbenol				
ledene oxide-(ii)	ledene oxide-(ii)				
tridecanâ€2â€one	tridecanâ€2â€one	(3E)-Î²-ocimene	Q27147536		
Î²â€pinene	betaâ€pinene				
e,e-farnesylacetate	E,E-farnesyl acetate				
eudesma-4,11-dien-2-ol	eudesma-4,11-dien-2-ol				
hepten-2-one(6-methyl-5)	hepten-2-one(6-methyl-5)	6-methyl-5-hepten-2-one	Q3209146		
Ï-cymenea,b	Ï-cymene				
trans-pinocarveole	trans-pinocarveole				
butanoic acid, 2-methyl-, ethyl ester	ethyl ester-2-methyl-butanoic acid	ethyl ester	Q1371466		
methyl citronelate	methyl citronelate				
epoxyocimene	epoxy ocimene	trans-epoxyocimene	Q67880127		
longipinocarveol, trans-	trans-longipinocarveol				
turmerone	turmerone	terpinene	Q27155090		
z-asarone	Z-asarone	Î²-asarone	Q27089385		
transcarveol	transcarveol				
transâ€pâ€menthaâ€1(7),8â€dienâ€2â€ol	transâ€pâ€menthaâ€1(7),8â€dienâ€2â€ol				
cisâ€pâ€menthaâ€1(7),8â€dienâ€2â€ol	cisâ€pâ€menthaâ€1(7),8â€dienâ€2â€ol				
pinocarvyl cis-acetate	cis-pinocarvyl acetate (q67879802)	trans-calamenene	Q67879802		
iso-elemicin	iso-elemicin				
valeric acid, 3-tridecyl ester	valeric acid, 3-tridecyl ester				
neo phytadiene	neo phytadiene				
umbelullone	umbelullone				
prenopsan-8-ol	prenopsan-8-ol				
limonone	limonone				
eudesm-4(15),7-dien-1Î±-ol	eudesm-4(15),7-dien-1-alpha-ol				
Î»-gurjunene	lambda-gurjunene				
Î³-cuprenene	gamma-cuprenene				
iso-borneol	iso-borneol	borneol	Q27103499		
